2026-06-22T23:55:52.360266Z  INFO herdr::platform::macos: raised server file descriptor soft limit previous=256 target=8192
2026-06-22T23:55:52.360537Z  INFO herdr::api::server: api server listening path=/Users/jma/.config/herdr/herdr.sock
2026-06-22T23:55:52.361157Z  INFO herdr::app: using pane scrollback configuration pane_scrollback_limit_bytes=10000000
2026-06-22T23:55:52.376806Z  INFO herdr::logging: checking for updates event="update.check.start" subsystem="update" outcome="started"
2026-06-22T23:55:52.381392Z  INFO herdr::logging: spawning pane terminal event="pane.spawn.start" subsystem="pane" outcome="started" pane_id=1 rows=24 cols=80 scrollback_limit_bytes=10000000
2026-06-22T23:55:52.388690Z  INFO herdr::logging: pane child spawned event="pane.spawned" subsystem="pane" outcome="ok" pane_id=1 pid=4336
2026-06-22T23:55:52.388933Z  INFO herdr::logging: workspace created event="workspace.create" subsystem="workspace" outcome="ok" workspace_id="w1" pane_id=1
2026-06-22T23:55:52.388955Z  INFO herdr::logging: workspace focused event="workspace.focus" subsystem="workspace" outcome="ok" workspace_id="w1"
2026-06-22T23:55:52.389002Z  INFO herdr::logging: tab focused event="tab.focus" subsystem="tab" outcome="ok" workspace_id="w1" tab_id="w1:t1"
2026-06-22T23:55:52.389022Z  INFO herdr::server::headless: created startup workspace cwd=/Users/jma/code
2026-06-22T23:55:52.389191Z  INFO herdr::server::headless: client protocol socket listening path=/Users/jma/.config/herdr/herdr-client.sock
2026-06-22T23:55:52.389219Z  INFO herdr::server::headless: herdr server started api_socket=/Users/jma/.config/herdr/herdr.sock client_socket=/Users/jma/.config/herdr/herdr-client.sock
2026-06-22T23:55:52.389241Z  INFO herdr::logging: herdr starting event="app.startup" subsystem="server" outcome="started" pid=4313
2026-06-22T23:55:52.641671Z  INFO herdr::server::headless: client connected client_id=2 cols=199 rows=53 cell_width_px=0 cell_height_px=0 render_encoding=SemanticFrame
2026-06-22T23:55:55.314466Z  INFO herdr::server::headless: client detach requested via keybind client_id=2
2026-06-22T23:55:55.316753Z  INFO herdr::server::headless: client disconnected client_id=2
2026-06-22T23:55:57.396716Z  INFO herdr::logging: session saved event="persist.save" subsystem="persist" outcome="ok" path=/Users/jma/.config/herdr/session.json workspaces=1
2026-06-22T23:56:32.199496Z  INFO herdr::server::headless: client connected client_id=4 cols=199 rows=53 cell_width_px=0 cell_height_px=0 render_encoding=SemanticFrame
2026-06-22T23:56:51.744668Z  INFO herdr::server::headless: client detach requested via keybind client_id=4
2026-06-22T23:56:51.747566Z  INFO herdr::server::headless: client disconnected client_id=4
2026-06-22T23:56:58.677271Z  INFO herdr::logging: api request received event="api.request.start" subsystem="api" outcome="started" request_id="cli:server:reload-config" method="server.reload_config" changes_ui=true
2026-06-22T23:56:58.678229Z  INFO herdr::logging: api request completed event="api.request.complete" subsystem="api" outcome="ok" request_id="cli:server:reload-config" method="server.reload_config"
2026-06-22T23:57:00.956091Z  INFO herdr::server::headless: client connected client_id=6 cols=199 rows=53 cell_width_px=0 cell_height_px=0 render_encoding=SemanticFrame
2026-06-22T23:57:42.519142Z  INFO herdr::logging: spawning pane terminal event="pane.spawn.start" subsystem="pane" outcome="started" pane_id=2 rows=52 cols=173 scrollback_limit_bytes=10000000
2026-06-22T23:57:42.527305Z  INFO herdr::logging: pane child spawned event="pane.spawned" subsystem="pane" outcome="ok" pane_id=2 pid=5288
2026-06-22T23:57:42.527678Z  INFO herdr::logging: workspace created event="workspace.create" subsystem="workspace" outcome="ok" workspace_id="w2" pane_id=2
2026-06-22T23:57:42.527707Z  INFO herdr::logging: workspace focused event="workspace.focus" subsystem="workspace" outcome="ok" workspace_id="w2"
2026-06-22T23:57:42.527729Z  INFO herdr::logging: tab focused event="tab.focus" subsystem="tab" outcome="ok" workspace_id="w2" tab_id="w2:t1"
2026-06-22T23:57:47.541117Z  INFO herdr::logging: session saved event="persist.save" subsystem="persist" outcome="ok" path=/Users/jma/.config/herdr/session.json workspaces=2
2026-06-22T23:58:01.605459Z  INFO herdr::server::headless: client resize client_id=6 cols=199 rows=55 cell_width_px=0 cell_height_px=0
2026-06-22T23:58:10.400713Z  INFO herdr::logging: spawning pane terminal event="pane.spawn.start" subsystem="pane" outcome="started" pane_id=3 rows=27 cols=86 scrollback_limit_bytes=10000000
2026-06-22T23:58:10.406380Z  INFO herdr::logging: pane child spawned event="pane.spawned" subsystem="pane" outcome="ok" pane_id=3 pid=5595
2026-06-22T23:58:15.413190Z  INFO herdr::logging: session saved event="persist.save" subsystem="persist" outcome="ok" path=/Users/jma/.config/herdr/session.json workspaces=2
2026-06-22T23:58:16.974553Z  INFO herdr::logging: tab focused event="tab.focus" subsystem="tab" outcome="ok" workspace_id="w2" tab_id="w2:t1"
2026-06-22T23:58:21.977277Z  INFO herdr::logging: session saved event="persist.save" subsystem="persist" outcome="ok" path=/Users/jma/.config/herdr/session.json workspaces=2
2026-06-22T23:58:30.469081Z  INFO herdr::pane: agent changed pane=2 previous_agent=None agent=Some(Codex) process=codex pgid=Some(5794)
2026-06-22T23:59:29.291068Z  INFO herdr::server::headless: client resize client_id=6 cols=199 rows=92 cell_width_px=0 cell_height_px=0
2026-06-22T23:59:38.535617Z  INFO herdr::server::headless: client resize client_id=6 cols=249 rows=92 cell_width_px=0 cell_height_px=0
2026-06-23T00:02:09.118491Z  INFO herdr::server::headless: client resize client_id=6 cols=249 rows=95 cell_width_px=0 cell_height_px=0
2026-06-23T00:02:09.125102Z  INFO herdr::server::headless: client resize client_id=6 cols=199 rows=57 cell_width_px=0 cell_height_px=0
2026-06-23T00:02:13.500114Z  INFO herdr::server::headless: client resize client_id=6 cols=199 rows=92 cell_width_px=0 cell_height_px=0
2026-06-23T00:02:13.605065Z  INFO herdr::server::headless: client resize client_id=6 cols=199 rows=122 cell_width_px=0 cell_height_px=0
2026-06-23T00:02:16.533828Z  INFO herdr::server::headless: client resize client_id=6 cols=257 rows=122 cell_width_px=0 cell_height_px=0
2026-06-23T00:02:16.638885Z  INFO herdr::server::headless: client resize client_id=6 cols=318 rows=122 cell_width_px=0 cell_height_px=0
2026-06-23T00:08:24.420229Z  INFO herdr::logging: tab focused event="tab.focus" subsystem="tab" outcome="ok" workspace_id="w2" tab_id="w2:t1"
2026-06-23T00:08:29.430477Z  INFO herdr::logging: session saved event="persist.save" subsystem="persist" outcome="ok" path=/Users/jma/.config/herdr/session.json workspaces=2
2026-06-23T00:10:44.892764Z  INFO herdr::app::actions: copied selection to clipboard
2026-06-23T00:10:45.767663Z  INFO herdr::logging: tab focused event="tab.focus" subsystem="tab" outcome="ok" workspace_id="w2" tab_id="w2:t1"
2026-06-23T00:10:50.769639Z  INFO herdr::logging: session saved event="persist.save" subsystem="persist" outcome="ok" path=/Users/jma/.config/herdr/session.json workspaces=2
2026-06-23T00:25:52.238544Z  INFO herdr::logging: checking for updates event="update.check.start" subsystem="update" outcome="started"
2026-06-23T00:39:28.145352Z  INFO herdr::logging: tab focused event="tab.focus" subsystem="tab" outcome="ok" workspace_id="w2" tab_id="w2:t1"
2026-06-23T00:39:33.151989Z  INFO herdr::logging: session saved event="persist.save" subsystem="persist" outcome="ok" path=/Users/jma/.config/herdr/session.json workspaces=2
2026-06-23T00:42:41.819578Z  INFO herdr::logging: tab focused event="tab.focus" subsystem="tab" outcome="ok" workspace_id="w2" tab_id="w2:t1"
2026-06-23T00:42:46.830383Z  INFO herdr::logging: session saved event="persist.save" subsystem="persist" outcome="ok" path=/Users/jma/.config/herdr/session.json workspaces=2
2026-06-23T00:55:52.200523Z  INFO herdr::logging: checking for updates event="update.check.start" subsystem="update" outcome="started"
2026-06-23T00:59:51.425857Z  INFO herdr::logging: tab focused event="tab.focus" subsystem="tab" outcome="ok" workspace_id="w2" tab_id="w2:t1"
2026-06-23T00:59:56.437619Z  INFO herdr::logging: session saved event="persist.save" subsystem="persist" outcome="ok" path=/Users/jma/.config/herdr/session.json workspaces=2
2026-06-23T01:25:52.172038Z  INFO herdr::logging: checking for updates event="update.check.start" subsystem="update" outcome="started"
2026-06-23T01:55:52.226810Z  INFO herdr::logging: checking for updates event="update.check.start" subsystem="update" outcome="started"
2026-06-23T02:25:52.258176Z  INFO herdr::logging: checking for updates event="update.check.start" subsystem="update" outcome="started"
2026-06-23T02:55:52.287966Z  INFO herdr::logging: checking for updates event="update.check.start" subsystem="update" outcome="started"
2026-06-23T03:06:30.878203Z  INFO herdr::app::actions: copied selection to clipboard
2026-06-23T03:06:40.128251Z  INFO herdr::app::actions: copied selection to clipboard
2026-06-23T03:06:42.199595Z  INFO herdr::logging: tab focused event="tab.focus" subsystem="tab" outcome="ok" workspace_id="w2" tab_id="w2:t1"
2026-06-23T03:06:47.215468Z  INFO herdr::logging: session saved event="persist.save" subsystem="persist" outcome="ok" path=/Users/jma/.config/herdr/session.json workspaces=2
2026-06-23T03:25:52.166043Z  INFO herdr::logging: checking for updates event="update.check.start" subsystem="update" outcome="started"
2026-06-23T03:55:52.130687Z  INFO herdr::logging: checking for updates event="update.check.start" subsystem="update" outcome="started"
2026-06-23T04:25:52.076446Z  INFO herdr::logging: checking for updates event="update.check.start" subsystem="update" outcome="started"
2026-06-23T04:55:51.931273Z  INFO herdr::logging: checking for updates event="update.check.start" subsystem="update" outcome="started"
2026-06-23T05:25:51.892513Z  INFO herdr::logging: checking for updates event="update.check.start" subsystem="update" outcome="started"
2026-06-23T05:55:51.864481Z  INFO herdr::logging: checking for updates event="update.check.start" subsystem="update" outcome="started"
2026-06-23T06:18:43.495391Z  INFO herdr::logging: tab focused event="tab.focus" subsystem="tab" outcome="ok" workspace_id="w2" tab_id="w2:t1"
2026-06-23T06:18:48.515932Z  INFO herdr::logging: session saved event="persist.save" subsystem="persist" outcome="ok" path=/Users/jma/.config/herdr/session.json workspaces=2
2026-06-23T06:25:51.824047Z  INFO herdr::logging: checking for updates event="update.check.start" subsystem="update" outcome="started"
2026-06-23T06:55:51.916909Z  INFO herdr::logging: checking for updates event="update.check.start" subsystem="update" outcome="started"
2026-06-23T07:13:12.187773Z  INFO herdr::logging: tab focused event="tab.focus" subsystem="tab" outcome="ok" workspace_id="w2" tab_id="w2:t1"
2026-06-23T07:13:14.254108Z  INFO herdr::logging: spawning pane terminal event="pane.spawn.start" subsystem="pane" outcome="started" pane_id=4 rows=60 cols=73 scrollback_limit_bytes=10000000
2026-06-23T07:13:14.269584Z  INFO herdr::logging: pane child spawned event="pane.spawned" subsystem="pane" outcome="ok" pane_id=4 pid=90056
2026-06-23T07:13:19.286174Z  INFO herdr::logging: session saved event="persist.save" subsystem="persist" outcome="ok" path=/Users/jma/.config/herdr/session.json workspaces=2
2026-06-23T07:13:34.985415Z  INFO herdr::logging: tab focused event="tab.focus" subsystem="tab" outcome="ok" workspace_id="w2" tab_id="w2:t1"
2026-06-23T07:13:36.881826Z  INFO herdr::logging: tab focused event="tab.focus" subsystem="tab" outcome="ok" workspace_id="w2" tab_id="w2:t1"
2026-06-23T07:13:41.891754Z  INFO herdr::logging: session saved event="persist.save" subsystem="persist" outcome="ok" path=/Users/jma/.config/herdr/session.json workspaces=2
2026-06-23T07:14:24.282439Z  INFO herdr::pane: agent changed pane=2 previous_agent=Some(Codex) agent=None pgid=Some(5288)
2026-06-23T07:14:25.617316Z  INFO herdr::logging: tab focused event="tab.focus" subsystem="tab" outcome="ok" workspace_id="w2" tab_id="w2:t1"
2026-06-23T07:14:30.627304Z  INFO herdr::logging: session saved event="persist.save" subsystem="persist" outcome="ok" path=/Users/jma/.config/herdr/session.json workspaces=2
2026-06-23T07:25:51.941458Z  INFO herdr::logging: checking for updates event="update.check.start" subsystem="update" outcome="started"
2026-06-23T07:44:05.504964Z  INFO herdr::server::headless: client resize client_id=6 cols=318 rows=57 cell_width_px=0 cell_height_px=0
2026-06-23T07:44:05.765399Z  INFO herdr::server::headless: client resize client_id=6 cols=318 rows=55 cell_width_px=0 cell_height_px=0
2026-06-23T07:44:06.112954Z  INFO herdr::server::headless: client resize client_id=6 cols=199 rows=55 cell_width_px=0 cell_height_px=0
2026-06-23T07:55:51.884418Z  INFO herdr::logging: checking for updates event="update.check.start" subsystem="update" outcome="started"
2026-06-23T08:25:02.202572Z  INFO herdr::server::headless: client resize client_id=6 cols=199 rows=57 cell_width_px=0 cell_height_px=0
2026-06-23T08:25:10.794577Z  INFO herdr::server::headless: client resize client_id=6 cols=285 rows=80 cell_width_px=0 cell_height_px=0
2026-06-23T08:25:12.796941Z  INFO herdr::logging: tab focused event="tab.focus" subsystem="tab" outcome="ok" workspace_id="w2" tab_id="w2:t1"
2026-06-23T08:25:14.551052Z  INFO herdr::logging: tab focused event="tab.focus" subsystem="tab" outcome="ok" workspace_id="w2" tab_id="w2:t1"
2026-06-23T08:25:15.861806Z  INFO herdr::logging: tab focused event="tab.focus" subsystem="tab" outcome="ok" workspace_id="w2" tab_id="w2:t1"
2026-06-23T08:25:18.725786Z  INFO herdr::logging: pane child exited event="pane.exit" subsystem="pane" outcome="completed" pane_id=4 status="ExitStatus { code: 0, signal: None }"
2026-06-23T08:25:18.726794Z  INFO herdr::pane: pane session terminated pane=4 pid=90056 signal=Hangup
2026-06-23T08:25:21.994714Z  INFO herdr::logging: tab focused event="tab.focus" subsystem="tab" outcome="ok" workspace_id="w2" tab_id="w2:t1"
2026-06-23T08:25:27.004853Z  INFO herdr::logging: session saved event="persist.save" subsystem="persist" outcome="ok" path=/Users/jma/.config/herdr/session.json workspaces=2
2026-06-23T08:25:27.794496Z  INFO herdr::pane: agent changed pane=2 previous_agent=None agent=Some(Codex) process=codex pgid=Some(4017)
2026-06-23T08:25:34.180021Z  INFO herdr::pane: agent changed pane=2 previous_agent=Some(Codex) agent=None pgid=Some(5288)
2026-06-23T08:25:39.736786Z  INFO herdr::pane: agent changed pane=2 previous_agent=None agent=Some(Codex) process=codex pgid=Some(4471)
2026-06-23T08:25:42.775581Z  INFO herdr::pane: agent changed pane=2 previous_agent=Some(Codex) agent=None pgid=Some(5288)
2026-06-23T08:25:44.796876Z  INFO herdr::pane: agent changed pane=2 previous_agent=None agent=Some(Codex) process=codex pgid=Some(4497)
2026-06-23T08:25:51.815608Z  INFO herdr::logging: checking for updates event="update.check.start" subsystem="update" outcome="started"
2026-06-23T08:29:15.598266Z  INFO herdr::logging: tab focused event="tab.focus" subsystem="tab" outcome="ok" workspace_id="w2" tab_id="w2:t1"
2026-06-23T08:29:16.646952Z  INFO herdr::app::actions: copied selection to clipboard
2026-06-23T08:29:20.611784Z  INFO herdr::logging: session saved event="persist.save" subsystem="persist" outcome="ok" path=/Users/jma/.config/herdr/session.json workspaces=2
2026-06-23T08:29:54.939102Z  INFO herdr::app::actions: copied selection to clipboard
2026-06-23T08:29:59.529925Z  INFO herdr::logging: tab focused event="tab.focus" subsystem="tab" outcome="ok" workspace_id="w2" tab_id="w2:t1"
2026-06-23T08:30:04.541519Z  INFO herdr::logging: session saved event="persist.save" subsystem="persist" outcome="ok" path=/Users/jma/.config/herdr/session.json workspaces=2
2026-06-23T08:30:18.297109Z  INFO herdr::app::actions: copied selection to clipboard
2026-06-23T08:32:31.682520Z  INFO herdr::logging: tab focused event="tab.focus" subsystem="tab" outcome="ok" workspace_id="w2" tab_id="w2:t1"
2026-06-23T08:32:36.702540Z  INFO herdr::logging: session saved event="persist.save" subsystem="persist" outcome="ok" path=/Users/jma/.config/herdr/session.json workspaces=2
2026-06-23T08:32:50.246571Z  INFO herdr::logging: tab focused event="tab.focus" subsystem="tab" outcome="ok" workspace_id="w2" tab_id="w2:t1"
2026-06-23T08:32:55.254924Z  INFO herdr::logging: session saved event="persist.save" subsystem="persist" outcome="ok" path=/Users/jma/.config/herdr/session.json workspaces=2
2026-06-23T08:34:50.002134Z  INFO herdr::logging: tab focused event="tab.focus" subsystem="tab" outcome="ok" workspace_id="w2" tab_id="w2:t1"
2026-06-23T08:34:55.017928Z  INFO herdr::logging: session saved event="persist.save" subsystem="persist" outcome="ok" path=/Users/jma/.config/herdr/session.json workspaces=2
2026-06-23T08:34:56.528813Z  INFO herdr::logging: tab focused event="tab.focus" subsystem="tab" outcome="ok" workspace_id="w2" tab_id="w2:t1"
2026-06-23T08:35:01.534652Z  INFO herdr::logging: session saved event="persist.save" subsystem="persist" outcome="ok" path=/Users/jma/.config/herdr/session.json workspaces=2
2026-06-23T08:37:25.136032Z  INFO herdr::app::actions: copied double-clicked token to clipboard
2026-06-23T08:37:49.910936Z  INFO herdr::logging: tab focused event="tab.focus" subsystem="tab" outcome="ok" workspace_id="w2" tab_id="w2:t1"
2026-06-23T08:37:54.916049Z  INFO herdr::logging: session saved event="persist.save" subsystem="persist" outcome="ok" path=/Users/jma/.config/herdr/session.json workspaces=2
2026-06-23T08:41:25.697960Z  INFO herdr::logging: tab focused event="tab.focus" subsystem="tab" outcome="ok" workspace_id="w2" tab_id="w2:t1"
2026-06-23T08:41:25.704725Z  INFO herdr::app::actions: copied double-clicked token to clipboard
2026-06-23T08:41:30.711553Z  INFO herdr::logging: session saved event="persist.save" subsystem="persist" outcome="ok" path=/Users/jma/.config/herdr/session.json workspaces=2
2026-06-23T08:43:47.767129Z  INFO herdr::server::headless: client resize client_id=6 cols=285 rows=57 cell_width_px=0 cell_height_px=0
2026-06-23T08:43:47.826363Z  INFO herdr::server::headless: client resize client_id=6 cols=285 rows=55 cell_width_px=0 cell_height_px=0
2026-06-23T08:43:47.926787Z  INFO herdr::server::headless: client resize client_id=6 cols=199 rows=55 cell_width_px=0 cell_height_px=0
2026-06-23T08:55:51.774376Z  INFO herdr::logging: checking for updates event="update.check.start" subsystem="update" outcome="started"
2026-06-23T09:25:51.735739Z  INFO herdr::logging: checking for updates event="update.check.start" subsystem="update" outcome="started"
2026-06-23T09:55:51.694379Z  INFO herdr::logging: checking for updates event="update.check.start" subsystem="update" outcome="started"
2026-06-23T10:25:51.649258Z  INFO herdr::logging: checking for updates event="update.check.start" subsystem="update" outcome="started"
2026-06-23T10:32:18.959008Z  INFO herdr::server::headless: client resize client_id=6 cols=199 rows=57 cell_width_px=0 cell_height_px=0
2026-06-23T10:32:20.312289Z  INFO herdr::server::headless: client resize client_id=6 cols=285 rows=80 cell_width_px=0 cell_height_px=0
2026-06-23T10:32:20.554741Z  INFO herdr::server::headless: client resize client_id=6 cols=199 rows=55 cell_width_px=0 cell_height_px=0
2026-06-23T10:32:21.922699Z  INFO herdr::server::headless: client resize client_id=6 cols=199 rows=57 cell_width_px=0 cell_height_px=0
2026-06-23T10:32:22.233408Z  INFO herdr::server::headless: client resize client_id=6 cols=285 rows=80 cell_width_px=0 cell_height_px=0
2026-06-23T10:55:51.489302Z  INFO herdr::logging: checking for updates event="update.check.start" subsystem="update" outcome="started"
2026-06-23T11:09:01.440039Z  INFO herdr::logging: tab focused event="tab.focus" subsystem="tab" outcome="ok" workspace_id="w2" tab_id="w2:t1"
2026-06-23T11:09:06.453798Z  INFO herdr::logging: session saved event="persist.save" subsystem="persist" outcome="ok" path=/Users/jma/.config/herdr/session.json workspaces=2
2026-06-23T11:09:14.872978Z  INFO herdr::pane: agent changed pane=3 previous_agent=None agent=Some(Kimi) process=kimi pgid=Some(35943)
2026-06-23T11:09:15.786664Z  INFO herdr::pane: agent changed pane=3 previous_agent=Some(Kimi) agent=None pgid=Some(5595)
2026-06-23T11:09:20.834739Z  INFO herdr::pane: agent changed pane=3 previous_agent=None agent=Some(Kimi) process=kimi pgid=Some(35978)
2026-06-23T11:09:30.406478Z  INFO herdr::logging: pane child exited event="pane.exit" subsystem="pane" outcome="completed" pane_id=3 status="ExitStatus { code: 0, signal: None }"
2026-06-23T11:09:30.406707Z  INFO herdr::pane: pane session terminated pane=3 pid=5595 signal=Hangup
2026-06-23T11:09:34.061869Z  INFO herdr::logging: spawning pane terminal event="pane.spawn.start" subsystem="pane" outcome="started" pane_id=5 rows=39 cols=129 scrollback_limit_bytes=10000000
2026-06-23T11:09:34.072306Z  INFO herdr::logging: pane child spawned event="pane.spawned" subsystem="pane" outcome="ok" pane_id=5 pid=36039
2026-06-23T11:09:37.654729Z  INFO herdr::pane: agent changed pane=5 previous_agent=None agent=Some(Kimi) process=kimi pgid=Some(36176)
2026-06-23T11:09:38.263118Z  INFO herdr::pane: agent changed pane=5 previous_agent=Some(Kimi) agent=None pgid=Some(36039)
2026-06-23T11:09:39.082381Z  INFO herdr::logging: session saved event="persist.save" subsystem="persist" outcome="ok" path=/Users/jma/.config/herdr/session.json workspaces=2
2026-06-23T11:09:49.197557Z  INFO herdr::logging: tab focused event="tab.focus" subsystem="tab" outcome="ok" workspace_id="w2" tab_id="w2:t1"
2026-06-23T11:09:50.646373Z  INFO herdr::pane: agent changed pane=2 previous_agent=Some(Codex) agent=None pgid=Some(5288)
2026-06-23T11:09:54.203434Z  INFO herdr::logging: session saved event="persist.save" subsystem="persist" outcome="ok" path=/Users/jma/.config/herdr/session.json workspaces=2
2026-06-23T11:25:51.391935Z  INFO herdr::logging: checking for updates event="update.check.start" subsystem="update" outcome="started"
2026-06-23T11:55:51.520096Z  INFO herdr::logging: checking for updates event="update.check.start" subsystem="update" outcome="started"
2026-06-23T12:25:51.508447Z  INFO herdr::logging: checking for updates event="update.check.start" subsystem="update" outcome="started"
2026-06-23T12:55:51.458686Z  INFO herdr::logging: checking for updates event="update.check.start" subsystem="update" outcome="started"
2026-06-23T13:25:51.415262Z  INFO herdr::logging: checking for updates event="update.check.start" subsystem="update" outcome="started"
2026-06-23T13:55:51.375433Z  INFO herdr::logging: checking for updates event="update.check.start" subsystem="update" outcome="started"
2026-06-23T14:25:51.317330Z  INFO herdr::logging: checking for updates event="update.check.start" subsystem="update" outcome="started"
2026-06-23T14:55:51.172212Z  INFO herdr::logging: checking for updates event="update.check.start" subsystem="update" outcome="started"
2026-06-23T15:25:51.101346Z  INFO herdr::logging: checking for updates event="update.check.start" subsystem="update" outcome="started"
2026-06-23T15:55:51.018981Z  INFO herdr::logging: checking for updates event="update.check.start" subsystem="update" outcome="started"
2026-06-23T16:25:51.061209Z  INFO herdr::logging: checking for updates event="update.check.start" subsystem="update" outcome="started"
2026-06-23T16:55:51.015070Z  INFO herdr::logging: checking for updates event="update.check.start" subsystem="update" outcome="started"
2026-06-23T17:25:50.979172Z  INFO herdr::logging: checking for updates event="update.check.start" subsystem="update" outcome="started"
2026-06-23T17:55:50.940783Z  INFO herdr::logging: checking for updates event="update.check.start" subsystem="update" outcome="started"
2026-06-23T18:25:51.013834Z  INFO herdr::logging: checking for updates event="update.check.start" subsystem="update" outcome="started"
2026-06-23T18:55:50.991053Z  INFO herdr::logging: checking for updates event="update.check.start" subsystem="update" outcome="started"
2026-06-23T19:25:50.983503Z  INFO herdr::logging: checking for updates event="update.check.start" subsystem="update" outcome="started"
2026-06-23T19:55:50.909729Z  INFO herdr::logging: checking for updates event="update.check.start" subsystem="update" outcome="started"
2026-06-23T20:25:50.832751Z  INFO herdr::logging: checking for updates event="update.check.start" subsystem="update" outcome="started"
2026-06-23T20:55:50.809188Z  INFO herdr::logging: checking for updates event="update.check.start" subsystem="update" outcome="started"
2026-06-23T21:25:50.759551Z  INFO herdr::logging: checking for updates event="update.check.start" subsystem="update" outcome="started"
2026-06-23T21:55:50.729886Z  INFO herdr::logging: checking for updates event="update.check.start" subsystem="update" outcome="started"
2026-06-23T22:25:50.693288Z  INFO herdr::logging: checking for updates event="update.check.start" subsystem="update" outcome="started"
2026-06-23T22:55:50.650774Z  INFO herdr::logging: checking for updates event="update.check.start" subsystem="update" outcome="started"
2026-06-23T23:20:25.516796Z  INFO herdr::server::headless: client resize client_id=6 cols=285 rows=55 cell_width_px=0 cell_height_px=0
2026-06-23T23:20:25.716683Z  INFO herdr::server::headless: client resize client_id=6 cols=199 rows=55 cell_width_px=0 cell_height_px=0
2026-06-23T23:25:50.586891Z  INFO herdr::logging: checking for updates event="update.check.start" subsystem="update" outcome="started"
2026-06-23T23:55:50.557108Z  INFO herdr::logging: checking for updates event="update.check.start" subsystem="update" outcome="started"
2026-06-24T00:25:50.518614Z  INFO herdr::logging: checking for updates event="update.check.start" subsystem="update" outcome="started"
2026-06-24T00:55:50.455569Z  INFO herdr::logging: checking for updates event="update.check.start" subsystem="update" outcome="started"
2026-06-24T01:25:50.421542Z  INFO herdr::logging: checking for updates event="update.check.start" subsystem="update" outcome="started"
2026-06-24T01:51:16.836592Z  INFO herdr::logging: spawning pane terminal event="pane.spawn.start" subsystem="pane" outcome="started" pane_id=6 rows=54 cols=87 scrollback_limit_bytes=10000000
2026-06-24T01:51:16.846936Z  INFO herdr::logging: pane child spawned event="pane.spawned" subsystem="pane" outcome="ok" pane_id=6 pid=89158
2026-06-24T01:51:16.847848Z  INFO herdr::logging: workspace created event="workspace.create" subsystem="workspace" outcome="ok" workspace_id="w3" pane_id=6
2026-06-24T01:51:16.848118Z  INFO herdr::logging: workspace focused event="workspace.focus" subsystem="workspace" outcome="ok" workspace_id="w3"
2026-06-24T01:51:16.848148Z  INFO herdr::logging: tab focused event="tab.focus" subsystem="tab" outcome="ok" workspace_id="w3" tab_id="w3:t1"
2026-06-24T01:51:21.858859Z  INFO herdr::logging: session saved event="persist.save" subsystem="persist" outcome="ok" path=/Users/jma/.config/herdr/session.json workspaces=3
2026-06-24T01:54:19.118688Z  INFO herdr::logging: spawning pane terminal event="pane.spawn.start" subsystem="pane" outcome="started" pane_id=7 rows=54 cols=173 scrollback_limit_bytes=10000000
2026-06-24T01:54:19.128042Z  INFO herdr::logging: pane child spawned event="pane.spawned" subsystem="pane" outcome="ok" pane_id=7 pid=90205
2026-06-24T01:54:19.129072Z  INFO herdr::logging: tab focused event="tab.focus" subsystem="tab" outcome="ok" workspace_id="w3" tab_id="w3:t2"
2026-06-24T01:54:19.129191Z  INFO herdr::logging: tab created event="tab.create" subsystem="tab" outcome="ok" workspace_id="w3" tab_id="w3:t2" pane_id=7
2026-06-24T01:54:24.040329Z  INFO herdr::logging: pane child exited event="pane.exit" subsystem="pane" outcome="completed" pane_id=7 status="ExitStatus { code: 0, signal: None }"
2026-06-24T01:54:24.040403Z  INFO herdr::pane: pane session terminated pane=7 pid=90205 signal=Hangup
2026-06-24T01:54:29.044904Z  INFO herdr::logging: session saved event="persist.save" subsystem="persist" outcome="ok" path=/Users/jma/.config/herdr/session.json workspaces=3
2026-06-24T01:55:15.142800Z  INFO herdr::logging: api request received event="api.request.start" subsystem="api" outcome="started" request_id="cli:server:reload-config" method="server.reload_config" changes_ui=true
2026-06-24T01:55:15.148171Z  INFO herdr::logging: api request completed event="api.request.complete" subsystem="api" outcome="ok" request_id="cli:server:reload-config" method="server.reload_config"
2026-06-24T01:55:17.924724Z  INFO herdr::logging: spawning pane terminal event="pane.spawn.start" subsystem="pane" outcome="started" pane_id=8 rows=27 cols=86 scrollback_limit_bytes=10000000
2026-06-24T01:55:17.931225Z  INFO herdr::logging: pane child spawned event="pane.spawned" subsystem="pane" outcome="ok" pane_id=8 pid=90602
2026-06-24T01:55:19.293743Z  INFO herdr::logging: pane child exited event="pane.exit" subsystem="pane" outcome="completed" pane_id=8 status="ExitStatus { code: 0, signal: None }"
2026-06-24T01:55:19.293939Z  INFO herdr::pane: pane session terminated pane=8 pid=90602 signal=Hangup
2026-06-24T01:55:24.300812Z  INFO herdr::logging: session saved event="persist.save" subsystem="persist" outcome="ok" path=/Users/jma/.config/herdr/session.json workspaces=3
2026-06-24T01:55:50.392515Z  INFO herdr::logging: checking for updates event="update.check.start" subsystem="update" outcome="started"
2026-06-24T02:25:50.360024Z  INFO herdr::logging: checking for updates event="update.check.start" subsystem="update" outcome="started"
2026-06-24T02:48:57.509622Z  INFO herdr::app::actions: copied double-clicked token to clipboard
2026-06-24T02:50:59.440003Z  INFO herdr::app::actions: copied double-clicked token to clipboard
2026-06-24T02:51:02.456383Z  INFO herdr::app::actions: copied selection to clipboard
2026-06-24T02:55:50.317033Z  INFO herdr::logging: checking for updates event="update.check.start" subsystem="update" outcome="started"
2026-06-24T03:25:50.288853Z  INFO herdr::logging: checking for updates event="update.check.start" subsystem="update" outcome="started"
2026-06-24T03:55:50.249285Z  INFO herdr::logging: checking for updates event="update.check.start" subsystem="update" outcome="started"
2026-06-24T04:25:50.113500Z  INFO herdr::logging: checking for updates event="update.check.start" subsystem="update" outcome="started"
2026-06-24T04:55:50.029434Z  INFO herdr::logging: checking for updates event="update.check.start" subsystem="update" outcome="started"
2026-06-24T05:25:50.155654Z  INFO herdr::logging: checking for updates event="update.check.start" subsystem="update" outcome="started"
2026-06-24T05:55:50.131036Z  INFO herdr::logging: checking for updates event="update.check.start" subsystem="update" outcome="started"
2026-06-24T06:25:50.089546Z  INFO herdr::logging: checking for updates event="update.check.start" subsystem="update" outcome="started"
2026-06-24T06:55:50.052911Z  INFO herdr::logging: checking for updates event="update.check.start" subsystem="update" outcome="started"
2026-06-24T07:25:49.919264Z  INFO herdr::logging: checking for updates event="update.check.start" subsystem="update" outcome="started"
2026-06-24T07:55:49.822062Z  INFO herdr::logging: checking for updates event="update.check.start" subsystem="update" outcome="started"
2026-06-24T08:25:49.751456Z  INFO herdr::logging: checking for updates event="update.check.start" subsystem="update" outcome="started"
2026-06-24T08:31:09.308677Z  INFO herdr::server::headless: client resize client_id=6 cols=199 rows=57 cell_width_px=0 cell_height_px=0
2026-06-24T08:31:09.618878Z  INFO herdr::server::headless: client resize client_id=6 cols=285 rows=80 cell_width_px=0 cell_height_px=0
2026-06-24T08:55:49.670478Z  INFO herdr::logging: checking for updates event="update.check.start" subsystem="update" outcome="started"
2026-06-24T08:56:43.568430Z  INFO herdr::logging: pane child exited event="pane.exit" subsystem="pane" outcome="completed" pane_id=6 status="ExitStatus { code: 0, signal: None }"
2026-06-24T08:56:43.570048Z  INFO herdr::pane: pane session terminated pane=6 pid=89158 signal=Hangup
2026-06-24T08:56:48.580358Z  INFO herdr::logging: session saved event="persist.save" subsystem="persist" outcome="ok" path=/Users/jma/.config/herdr/session.json workspaces=2
2026-06-24T08:56:50.231502Z  INFO herdr::logging: tab focused event="tab.focus" subsystem="tab" outcome="ok" workspace_id="w2" tab_id="w2:t1"
2026-06-24T08:56:55.236574Z  INFO herdr::logging: session saved event="persist.save" subsystem="persist" outcome="ok" path=/Users/jma/.config/herdr/session.json workspaces=2
2026-06-24T09:25:49.835837Z  INFO herdr::logging: checking for updates event="update.check.start" subsystem="update" outcome="started"
2026-06-24T09:32:18.269789Z  INFO herdr::logging: tab focused event="tab.focus" subsystem="tab" outcome="ok" workspace_id="w2" tab_id="w2:t1"
2026-06-24T09:32:23.284843Z  INFO herdr::logging: session saved event="persist.save" subsystem="persist" outcome="ok" path=/Users/jma/.config/herdr/session.json workspaces=2
2026-06-24T09:43:17.669008Z  INFO herdr::pane: agent changed pane=2 previous_agent=None agent=Some(Codex) process=codex pgid=Some(75295)
2026-06-24T09:43:19.791501Z  INFO herdr::pane: agent changed pane=2 previous_agent=Some(Codex) agent=None pgid=Some(5288)
2026-06-24T09:43:22.318099Z  INFO herdr::pane: agent changed pane=2 previous_agent=None agent=Some(Codex) process=codex pgid=Some(75330)
2026-06-24T09:47:29.704314Z  INFO herdr::logging: tab focused event="tab.focus" subsystem="tab" outcome="ok" workspace_id="w2" tab_id="w2:t1"
2026-06-24T09:47:34.712030Z  INFO herdr::logging: session saved event="persist.save" subsystem="persist" outcome="ok" path=/Users/jma/.config/herdr/session.json workspaces=2
2026-06-24T09:49:07.068036Z  INFO herdr::logging: tab focused event="tab.focus" subsystem="tab" outcome="ok" workspace_id="w2" tab_id="w2:t1"
2026-06-24T09:49:12.074893Z  INFO herdr::logging: session saved event="persist.save" subsystem="persist" outcome="ok" path=/Users/jma/.config/herdr/session.json workspaces=2
2026-06-24T09:55:49.834468Z  INFO herdr::logging: checking for updates event="update.check.start" subsystem="update" outcome="started"
2026-06-24T09:56:50.849010Z  INFO herdr::app::actions: copied selection to clipboard
2026-06-24T09:57:03.564978Z  INFO herdr::logging: tab focused event="tab.focus" subsystem="tab" outcome="ok" workspace_id="w2" tab_id="w2:t1"
2026-06-24T09:57:08.573718Z  INFO herdr::logging: session saved event="persist.save" subsystem="persist" outcome="ok" path=/Users/jma/.config/herdr/session.json workspaces=2
2026-06-24T10:05:03.258590Z  INFO herdr::logging: tab focused event="tab.focus" subsystem="tab" outcome="ok" workspace_id="w2" tab_id="w2:t1"
2026-06-24T10:05:05.157801Z  INFO herdr::logging: tab focused event="tab.focus" subsystem="tab" outcome="ok" workspace_id="w2" tab_id="w2:t1"
2026-06-24T10:05:06.525591Z  INFO herdr::logging: tab focused event="tab.focus" subsystem="tab" outcome="ok" workspace_id="w2" tab_id="w2:t1"
2026-06-24T10:05:08.350319Z  INFO herdr::logging: spawning pane terminal event="pane.spawn.start" subsystem="pane" outcome="started" pane_id=9 rows=79 cols=130 scrollback_limit_bytes=10000000
2026-06-24T10:05:08.364913Z  INFO herdr::logging: pane child spawned event="pane.spawned" subsystem="pane" outcome="ok" pane_id=9 pid=81318
2026-06-24T10:05:08.365591Z  INFO herdr::logging: tab focused event="tab.focus" subsystem="tab" outcome="ok" workspace_id="w2" tab_id="w2:t2"
2026-06-24T10:05:08.365628Z  INFO herdr::logging: tab created event="tab.create" subsystem="tab" outcome="ok" workspace_id="w2" tab_id="w2:t2" pane_id=9
2026-06-24T10:05:13.390584Z  INFO herdr::logging: session saved event="persist.save" subsystem="persist" outcome="ok" path=/Users/jma/.config/herdr/session.json workspaces=2
2026-06-24T10:05:31.638052Z  INFO herdr::logging: tab focused event="tab.focus" subsystem="tab" outcome="ok" workspace_id="w2" tab_id="w2:t1"
2026-06-24T10:05:36.660651Z  INFO herdr::logging: session saved event="persist.save" subsystem="persist" outcome="ok" path=/Users/jma/.config/herdr/session.json workspaces=2
2026-06-24T10:06:28.266762Z  INFO herdr::logging: tab focused event="tab.focus" subsystem="tab" outcome="ok" workspace_id="w2" tab_id="w2:t2"
2026-06-24T10:06:33.279345Z  INFO herdr::logging: session saved event="persist.save" subsystem="persist" outcome="ok" path=/Users/jma/.config/herdr/session.json workspaces=2
2026-06-24T10:06:34.159421Z  INFO herdr::logging: tab focused event="tab.focus" subsystem="tab" outcome="ok" workspace_id="w2" tab_id="w2:t1"
2026-06-24T10:06:39.169539Z  INFO herdr::logging: session saved event="persist.save" subsystem="persist" outcome="ok" path=/Users/jma/.config/herdr/session.json workspaces=2
2026-06-24T10:08:06.173872Z  INFO herdr::logging: tab focused event="tab.focus" subsystem="tab" outcome="ok" workspace_id="w2" tab_id="w2:t2"
2026-06-24T10:08:11.186030Z  INFO herdr::logging: session saved event="persist.save" subsystem="persist" outcome="ok" path=/Users/jma/.config/herdr/session.json workspaces=2
2026-06-24T10:08:11.918425Z  INFO herdr::logging: tab focused event="tab.focus" subsystem="tab" outcome="ok" workspace_id="w2" tab_id="w2:t1"
2026-06-24T10:08:16.925553Z  INFO herdr::logging: session saved event="persist.save" subsystem="persist" outcome="ok" path=/Users/jma/.config/herdr/session.json workspaces=2
2026-06-24T10:14:51.879100Z  INFO herdr::logging: tab focused event="tab.focus" subsystem="tab" outcome="ok" workspace_id="w2" tab_id="w2:t1"
2026-06-24T10:14:56.892975Z  INFO herdr::logging: session saved event="persist.save" subsystem="persist" outcome="ok" path=/Users/jma/.config/herdr/session.json workspaces=2
2026-06-24T10:17:13.283478Z  INFO herdr::logging: tab focused event="tab.focus" subsystem="tab" outcome="ok" workspace_id="w2" tab_id="w2:t2"
2026-06-24T10:17:18.296067Z  INFO herdr::logging: session saved event="persist.save" subsystem="persist" outcome="ok" path=/Users/jma/.config/herdr/session.json workspaces=2
2026-06-24T10:17:22.685308Z  INFO herdr::logging: tab focused event="tab.focus" subsystem="tab" outcome="ok" workspace_id="w2" tab_id="w2:t1"
2026-06-24T10:17:25.207401Z  INFO herdr::logging: tab focused event="tab.focus" subsystem="tab" outcome="ok" workspace_id="w2" tab_id="w2:t2"
2026-06-24T10:17:29.490536Z  INFO herdr::logging: tab focused event="tab.focus" subsystem="tab" outcome="ok" workspace_id="w2" tab_id="w2:t1"
2026-06-24T10:17:33.190432Z  INFO herdr::logging: tab focused event="tab.focus" subsystem="tab" outcome="ok" workspace_id="w2" tab_id="w2:t1"
2026-06-24T10:17:38.201581Z  INFO herdr::logging: session saved event="persist.save" subsystem="persist" outcome="ok" path=/Users/jma/.config/herdr/session.json workspaces=2
2026-06-24T10:18:24.305489Z  INFO herdr::logging: tab focused event="tab.focus" subsystem="tab" outcome="ok" workspace_id="w2" tab_id="w2:t2"
2026-06-24T10:18:29.319410Z  INFO herdr::logging: session saved event="persist.save" subsystem="persist" outcome="ok" path=/Users/jma/.config/herdr/session.json workspaces=2
2026-06-24T10:19:43.223255Z  INFO herdr::logging: pane child exited event="pane.exit" subsystem="pane" outcome="completed" pane_id=9 status="ExitStatus { code: 0, signal: None }"
2026-06-24T10:19:43.223606Z  INFO herdr::pane: pane session terminated pane=9 pid=81318 signal=Hangup
2026-06-24T10:19:46.523114Z  INFO herdr::logging: tab focused event="tab.focus" subsystem="tab" outcome="ok" workspace_id="w2" tab_id="w2:t1"
2026-06-24T10:19:51.538843Z  INFO herdr::logging: session saved event="persist.save" subsystem="persist" outcome="ok" path=/Users/jma/.config/herdr/session.json workspaces=2
2026-06-24T10:25:49.781104Z  INFO herdr::logging: checking for updates event="update.check.start" subsystem="update" outcome="started"
2026-06-24T10:55:49.746271Z  INFO herdr::logging: checking for updates event="update.check.start" subsystem="update" outcome="started"
2026-06-24T11:25:49.702551Z  INFO herdr::logging: checking for updates event="update.check.start" subsystem="update" outcome="started"
2026-06-24T11:55:49.681156Z  INFO herdr::logging: checking for updates event="update.check.start" subsystem="update" outcome="started"
2026-06-24T12:25:49.650767Z  INFO herdr::logging: checking for updates event="update.check.start" subsystem="update" outcome="started"
2026-06-24T12:55:49.607858Z  INFO herdr::logging: checking for updates event="update.check.start" subsystem="update" outcome="started"
2026-06-24T13:25:49.451171Z  INFO herdr::logging: checking for updates event="update.check.start" subsystem="update" outcome="started"
2026-06-24T13:43:05.341928Z  INFO herdr::server::headless: client resize client_id=6 cols=285 rows=55 cell_width_px=0 cell_height_px=0
2026-06-24T13:43:05.865870Z  INFO herdr::server::headless: client resize client_id=6 cols=199 rows=55 cell_width_px=0 cell_height_px=0
2026-06-24T13:55:49.353291Z  INFO herdr::logging: checking for updates event="update.check.start" subsystem="update" outcome="started"
2026-06-24T14:25:49.345603Z  INFO herdr::logging: checking for updates event="update.check.start" subsystem="update" outcome="started"
2026-06-24T14:55:49.289645Z  INFO herdr::logging: checking for updates event="update.check.start" subsystem="update" outcome="started"
2026-06-24T15:25:49.384307Z  INFO herdr::logging: checking for updates event="update.check.start" subsystem="update" outcome="started"
2026-06-24T15:55:49.398406Z  INFO herdr::logging: checking for updates event="update.check.start" subsystem="update" outcome="started"
2026-06-24T16:25:49.346854Z  INFO herdr::logging: checking for updates event="update.check.start" subsystem="update" outcome="started"
2026-06-24T16:55:49.281472Z  INFO herdr::logging: checking for updates event="update.check.start" subsystem="update" outcome="started"
2026-06-24T16:55:49.387113Z  INFO herdr::logging: update available event="update.available" subsystem="update" outcome="ok" version="0.7.1"
2026-06-24T16:55:49.473536Z  INFO herdr::update: auto-update check: v0.7.1 available through Homebrew, waiting for explicit install
2026-06-25T08:13:26.527761Z  INFO herdr::server::headless: client resize client_id=6 cols=399 rows=115 cell_width_px=0 cell_height_px=0
2026-06-25T08:13:26.658052Z  INFO herdr::server::headless: client resize client_id=6 cols=199 rows=57 cell_width_px=0 cell_height_px=0
2026-06-25T08:13:26.832540Z  INFO herdr::server::headless: client resize client_id=6 cols=285 rows=80 cell_width_px=0 cell_height_px=0
2026-06-25T08:13:28.138369Z  INFO herdr::server::headless: client resize client_id=6 cols=199 rows=55 cell_width_px=0 cell_height_px=0
2026-06-25T08:13:28.906000Z  INFO herdr::server::headless: client resize client_id=6 cols=199 rows=57 cell_width_px=0 cell_height_px=0
2026-06-25T08:13:29.009373Z  INFO herdr::server::headless: client resize client_id=6 cols=285 rows=80 cell_width_px=0 cell_height_px=0
2026-06-25T08:17:14.420237Z  INFO herdr::logging: tab focused event="tab.focus" subsystem="tab" outcome="ok" workspace_id="w2" tab_id="w2:t1"
2026-06-25T08:17:19.437794Z  INFO herdr::logging: session saved event="persist.save" subsystem="persist" outcome="ok" path=/Users/jma/.config/herdr/session.json workspaces=2
2026-06-25T08:18:28.791055Z  INFO herdr::logging: tab focused event="tab.focus" subsystem="tab" outcome="ok" workspace_id="w2" tab_id="w2:t1"
2026-06-25T08:18:29.730559Z  INFO herdr::app::actions: copied selection to clipboard
2026-06-25T08:18:33.804322Z  INFO herdr::logging: session saved event="persist.save" subsystem="persist" outcome="ok" path=/Users/jma/.config/herdr/session.json workspaces=2
2026-06-25T08:18:41.250231Z  INFO herdr::logging: tab focused event="tab.focus" subsystem="tab" outcome="ok" workspace_id="w2" tab_id="w2:t1"
2026-06-25T08:18:46.258699Z  INFO herdr::logging: session saved event="persist.save" subsystem="persist" outcome="ok" path=/Users/jma/.config/herdr/session.json workspaces=2
2026-06-25T08:18:57.816352Z  INFO herdr::logging: spawning pane terminal event="pane.spawn.start" subsystem="pane" outcome="started" pane_id=10 rows=79 cols=130 scrollback_limit_bytes=10000000
2026-06-25T08:18:57.826369Z  INFO herdr::logging: pane child spawned event="pane.spawned" subsystem="pane" outcome="ok" pane_id=10 pid=13071
2026-06-25T08:18:57.827244Z  INFO herdr::logging: tab focused event="tab.focus" subsystem="tab" outcome="ok" workspace_id="w2" tab_id="w2:t3"
2026-06-25T08:18:57.827290Z  INFO herdr::logging: tab created event="tab.create" subsystem="tab" outcome="ok" workspace_id="w2" tab_id="w2:t3" pane_id=10
2026-06-25T08:18:59.900583Z  INFO herdr::pane: agent changed pane=10 previous_agent=None agent=Some(Codex) process=codex pgid=Some(13193)
2026-06-25T08:19:02.833401Z  INFO herdr::logging: session saved event="persist.save" subsystem="persist" outcome="ok" path=/Users/jma/.config/herdr/session.json workspaces=2
2026-06-25T08:19:09.929577Z  INFO herdr::logging: pane child exited event="pane.exit" subsystem="pane" outcome="completed" pane_id=10 status="ExitStatus { code: 0, signal: None }"
2026-06-25T08:19:09.933486Z  INFO herdr::pane: pane session terminated pane=10 pid=13071 signal=Hangup
2026-06-25T08:19:12.608003Z  INFO herdr::logging: tab focused event="tab.focus" subsystem="tab" outcome="ok" workspace_id="w2" tab_id="w2:t1"
2026-06-25T08:19:17.613149Z  INFO herdr::logging: session saved event="persist.save" subsystem="persist" outcome="ok" path=/Users/jma/.config/herdr/session.json workspaces=2
2026-06-25T08:19:18.205316Z  INFO herdr::pane: agent changed pane=5 previous_agent=None agent=Some(Codex) process=codex pgid=Some(13718)
2026-06-25T08:19:25.177100Z  INFO herdr::pane: agent changed pane=5 previous_agent=Some(Codex) agent=None pgid=Some(36039)
2026-06-25T08:19:25.762830Z  INFO herdr::logging: tab focused event="tab.focus" subsystem="tab" outcome="ok" workspace_id="w2" tab_id="w2:t1"
2026-06-25T08:19:28.163836Z  INFO herdr::pane: agent changed pane=2 previous_agent=Some(Codex) agent=None pgid=Some(5288)
2026-06-25T08:19:30.187914Z  INFO herdr::pane: agent changed pane=2 previous_agent=None agent=Some(Codex) process=codex pgid=Some(13854)
2026-06-25T08:19:30.772160Z  INFO herdr::logging: session saved event="persist.save" subsystem="persist" outcome="ok" path=/Users/jma/.config/herdr/session.json workspaces=2
2026-06-25T08:20:56.915476Z  INFO herdr::logging: tab focused event="tab.focus" subsystem="tab" outcome="ok" workspace_id="w2" tab_id="w2:t1"
2026-06-25T08:21:00.915173Z  INFO herdr::logging: tab focused event="tab.focus" subsystem="tab" outcome="ok" workspace_id="w2" tab_id="w2:t1"
2026-06-25T08:21:05.926654Z  INFO herdr::logging: session saved event="persist.save" subsystem="persist" outcome="ok" path=/Users/jma/.config/herdr/session.json workspaces=2
2026-06-25T08:21:25.566946Z  INFO herdr::logging: tab focused event="tab.focus" subsystem="tab" outcome="ok" workspace_id="w2" tab_id="w2:t1"
2026-06-25T08:21:30.573964Z  INFO herdr::logging: session saved event="persist.save" subsystem="persist" outcome="ok" path=/Users/jma/.config/herdr/session.json workspaces=2
2026-06-25T08:21:58.990220Z  INFO herdr::logging: tab focused event="tab.focus" subsystem="tab" outcome="ok" workspace_id="w2" tab_id="w2:t1"
2026-06-25T08:22:03.998858Z  INFO herdr::logging: session saved event="persist.save" subsystem="persist" outcome="ok" path=/Users/jma/.config/herdr/session.json workspaces=2
2026-06-25T08:23:06.584210Z  INFO herdr::logging: tab focused event="tab.focus" subsystem="tab" outcome="ok" workspace_id="w2" tab_id="w2:t1"
2026-06-25T08:23:07.918374Z  INFO herdr::app::actions: copied selection to clipboard
2026-06-25T08:23:08.337012Z  INFO herdr::logging: tab focused event="tab.focus" subsystem="tab" outcome="ok" workspace_id="w2" tab_id="w2:t1"
2026-06-25T08:23:13.340638Z  INFO herdr::logging: session saved event="persist.save" subsystem="persist" outcome="ok" path=/Users/jma/.config/herdr/session.json workspaces=2
2026-06-25T08:23:18.839715Z  INFO herdr::logging: tab focused event="tab.focus" subsystem="tab" outcome="ok" workspace_id="w2" tab_id="w2:t1"
2026-06-25T08:23:23.842940Z  INFO herdr::logging: session saved event="persist.save" subsystem="persist" outcome="ok" path=/Users/jma/.config/herdr/session.json workspaces=2
2026-06-25T08:25:09.412711Z  INFO herdr::logging: spawning pane terminal event="pane.spawn.start" subsystem="pane" outcome="started" pane_id=11 rows=79 cols=130 scrollback_limit_bytes=10000000
2026-06-25T08:25:09.421187Z  INFO herdr::logging: pane child spawned event="pane.spawned" subsystem="pane" outcome="ok" pane_id=11 pid=16026
2026-06-25T08:25:09.421665Z  INFO herdr::logging: workspace created event="workspace.create" subsystem="workspace" outcome="ok" workspace_id="w4" pane_id=11
2026-06-25T08:25:09.421938Z  INFO herdr::logging: workspace focused event="workspace.focus" subsystem="workspace" outcome="ok" workspace_id="w4"
2026-06-25T08:25:09.421981Z  INFO herdr::logging: tab focused event="tab.focus" subsystem="tab" outcome="ok" workspace_id="w4" tab_id="w4:t1"
2026-06-25T08:25:14.439398Z  INFO herdr::logging: session saved event="persist.save" subsystem="persist" outcome="ok" path=/Users/jma/.config/herdr/session.json workspaces=3
2026-06-25T08:25:35.905117Z  INFO herdr::logging: pane child exited event="pane.exit" subsystem="pane" outcome="completed" pane_id=11 status="ExitStatus { code: 0, signal: None }"
2026-06-25T08:25:35.905441Z  INFO herdr::pane: pane session terminated pane=11 pid=16026 signal=Hangup
2026-06-25T08:25:40.910834Z  INFO herdr::logging: session saved event="persist.save" subsystem="persist" outcome="ok" path=/Users/jma/.config/herdr/session.json workspaces=2
2026-06-25T08:26:04.362425Z  INFO herdr::app::actions: copied selection to clipboard
2026-06-25T08:26:05.592276Z  INFO herdr::logging: tab focused event="tab.focus" subsystem="tab" outcome="ok" workspace_id="w2" tab_id="w2:t1"
2026-06-25T08:26:10.596582Z  INFO herdr::logging: session saved event="persist.save" subsystem="persist" outcome="ok" path=/Users/jma/.config/herdr/session.json workspaces=2
2026-06-25T08:26:13.173833Z  INFO herdr::logging: tab focused event="tab.focus" subsystem="tab" outcome="ok" workspace_id="w2" tab_id="w2:t1"
2026-06-25T08:26:18.178793Z  INFO herdr::logging: session saved event="persist.save" subsystem="persist" outcome="ok" path=/Users/jma/.config/herdr/session.json workspaces=2
2026-06-25T08:27:03.258833Z  INFO herdr::app::actions: copied selection to clipboard
2026-06-25T08:27:03.893729Z  INFO herdr::logging: tab focused event="tab.focus" subsystem="tab" outcome="ok" workspace_id="w2" tab_id="w2:t1"
2026-06-25T08:27:08.899737Z  INFO herdr::logging: session saved event="persist.save" subsystem="persist" outcome="ok" path=/Users/jma/.config/herdr/session.json workspaces=2
2026-06-25T08:27:33.794862Z  INFO herdr::logging: tab focused event="tab.focus" subsystem="tab" outcome="ok" workspace_id="w2" tab_id="w2:t1"
2026-06-25T08:27:35.425501Z  INFO herdr::app::actions: copied selection to clipboard
2026-06-25T08:27:36.174709Z  INFO herdr::logging: tab focused event="tab.focus" subsystem="tab" outcome="ok" workspace_id="w2" tab_id="w2:t1"
2026-06-25T08:27:41.178685Z  INFO herdr::logging: session saved event="persist.save" subsystem="persist" outcome="ok" path=/Users/jma/.config/herdr/session.json workspaces=2
2026-06-25T08:28:57.227179Z  INFO herdr::logging: tab focused event="tab.focus" subsystem="tab" outcome="ok" workspace_id="w2" tab_id="w2:t1"
2026-06-25T08:28:58.858611Z  INFO herdr::app::actions: copied selection to clipboard
2026-06-25T08:29:01.398253Z  INFO herdr::logging: tab focused event="tab.focus" subsystem="tab" outcome="ok" workspace_id="w2" tab_id="w2:t1"
2026-06-25T08:29:06.402432Z  INFO herdr::logging: session saved event="persist.save" subsystem="persist" outcome="ok" path=/Users/jma/.config/herdr/session.json workspaces=2
2026-06-25T08:30:04.487272Z  INFO herdr::logging: tab focused event="tab.focus" subsystem="tab" outcome="ok" workspace_id="w2" tab_id="w2:t1"
2026-06-25T08:30:09.495322Z  INFO herdr::logging: session saved event="persist.save" subsystem="persist" outcome="ok" path=/Users/jma/.config/herdr/session.json workspaces=2
2026-06-25T08:30:09.525136Z  INFO herdr::logging: spawning pane terminal event="pane.spawn.start" subsystem="pane" outcome="started" pane_id=12 rows=39 cols=65 scrollback_limit_bytes=10000000
2026-06-25T08:30:09.532638Z  INFO herdr::logging: pane child spawned event="pane.spawned" subsystem="pane" outcome="ok" pane_id=12 pid=18309
2026-06-25T08:30:14.535351Z  INFO herdr::logging: session saved event="persist.save" subsystem="persist" outcome="ok" path=/Users/jma/.config/herdr/session.json workspaces=2
2026-06-25T08:30:20.535644Z  INFO herdr::logging: tab focused event="tab.focus" subsystem="tab" outcome="ok" workspace_id="w2" tab_id="w2:t1"
2026-06-25T08:30:25.538245Z  INFO herdr::logging: session saved event="persist.save" subsystem="persist" outcome="ok" path=/Users/jma/.config/herdr/session.json workspaces=2
2026-06-25T08:32:07.199038Z  INFO herdr::logging: tab focused event="tab.focus" subsystem="tab" outcome="ok" workspace_id="w2" tab_id="w2:t1"
2026-06-25T08:32:12.212400Z  INFO herdr::logging: session saved event="persist.save" subsystem="persist" outcome="ok" path=/Users/jma/.config/herdr/session.json workspaces=2
2026-06-25T08:32:19.687691Z  INFO herdr::logging: tab focused event="tab.focus" subsystem="tab" outcome="ok" workspace_id="w2" tab_id="w2:t1"
2026-06-25T08:32:24.695122Z  INFO herdr::logging: session saved event="persist.save" subsystem="persist" outcome="ok" path=/Users/jma/.config/herdr/session.json workspaces=2
2026-06-25T08:37:13.231249Z  INFO herdr::logging: tab focused event="tab.focus" subsystem="tab" outcome="ok" workspace_id="w2" tab_id="w2:t1"
2026-06-25T08:37:18.243162Z  INFO herdr::logging: session saved event="persist.save" subsystem="persist" outcome="ok" path=/Users/jma/.config/herdr/session.json workspaces=2
2026-06-25T08:41:31.974203Z  INFO herdr::logging: tab focused event="tab.focus" subsystem="tab" outcome="ok" workspace_id="w2" tab_id="w2:t1"
2026-06-25T08:41:36.985869Z  INFO herdr::logging: session saved event="persist.save" subsystem="persist" outcome="ok" path=/Users/jma/.config/herdr/session.json workspaces=2
2026-06-25T08:45:07.770779Z  INFO herdr::logging: tab focused event="tab.focus" subsystem="tab" outcome="ok" workspace_id="w2" tab_id="w2:t1"
2026-06-25T08:45:12.777577Z  INFO herdr::logging: session saved event="persist.save" subsystem="persist" outcome="ok" path=/Users/jma/.config/herdr/session.json workspaces=2
2026-06-25T08:48:33.527682Z  INFO herdr::logging: tab focused event="tab.focus" subsystem="tab" outcome="ok" workspace_id="w2" tab_id="w2:t1"
2026-06-25T08:48:38.538721Z  INFO herdr::logging: session saved event="persist.save" subsystem="persist" outcome="ok" path=/Users/jma/.config/herdr/session.json workspaces=2
2026-06-25T08:56:00.131264Z  INFO herdr::logging: tab focused event="tab.focus" subsystem="tab" outcome="ok" workspace_id="w2" tab_id="w2:t1"
2026-06-25T08:56:05.142037Z  INFO herdr::logging: session saved event="persist.save" subsystem="persist" outcome="ok" path=/Users/jma/.config/herdr/session.json workspaces=2
2026-06-25T08:58:59.246587Z  INFO herdr::pane: agent changed pane=2 previous_agent=Some(Codex) agent=None pgid=Some(5288)
2026-06-25T08:59:01.770401Z  INFO herdr::pane: agent changed pane=2 previous_agent=None agent=Some(Codex) process=codex pgid=Some(27292)
2026-06-25T09:05:56.411027Z  INFO herdr::logging: tab focused event="tab.focus" subsystem="tab" outcome="ok" workspace_id="w2" tab_id="w2:t1"
2026-06-25T09:06:01.422690Z  INFO herdr::logging: session saved event="persist.save" subsystem="persist" outcome="ok" path=/Users/jma/.config/herdr/session.json workspaces=2
2026-06-25T09:13:26.779658Z  INFO herdr::logging: tab focused event="tab.focus" subsystem="tab" outcome="ok" workspace_id="w2" tab_id="w2:t1"
2026-06-25T09:13:31.796701Z  INFO herdr::logging: session saved event="persist.save" subsystem="persist" outcome="ok" path=/Users/jma/.config/herdr/session.json workspaces=2
2026-06-25T09:18:33.694766Z  INFO herdr::app::actions: copied selection to clipboard
2026-06-25T09:21:22.068037Z  INFO herdr::logging: tab focused event="tab.focus" subsystem="tab" outcome="ok" workspace_id="w2" tab_id="w2:t1"
2026-06-25T09:21:27.084029Z  INFO herdr::logging: session saved event="persist.save" subsystem="persist" outcome="ok" path=/Users/jma/.config/herdr/session.json workspaces=2
2026-06-25T09:21:53.439442Z  INFO herdr::logging: tab focused event="tab.focus" subsystem="tab" outcome="ok" workspace_id="w2" tab_id="w2:t1"
2026-06-25T09:21:58.451461Z  INFO herdr::logging: session saved event="persist.save" subsystem="persist" outcome="ok" path=/Users/jma/.config/herdr/session.json workspaces=2
2026-06-25T09:23:40.123958Z  INFO herdr::logging: tab focused event="tab.focus" subsystem="tab" outcome="ok" workspace_id="w2" tab_id="w2:t1"
2026-06-25T09:23:45.133736Z  INFO herdr::logging: session saved event="persist.save" subsystem="persist" outcome="ok" path=/Users/jma/.config/herdr/session.json workspaces=2
2026-06-25T09:24:33.717948Z  INFO herdr::logging: tab focused event="tab.focus" subsystem="tab" outcome="ok" workspace_id="w2" tab_id="w2:t1"
2026-06-25T09:24:38.730170Z  INFO herdr::logging: session saved event="persist.save" subsystem="persist" outcome="ok" path=/Users/jma/.config/herdr/session.json workspaces=2
2026-06-25T09:30:57.225302Z  INFO herdr::logging: tab focused event="tab.focus" subsystem="tab" outcome="ok" workspace_id="w2" tab_id="w2:t1"
2026-06-25T09:31:02.239733Z  INFO herdr::logging: session saved event="persist.save" subsystem="persist" outcome="ok" path=/Users/jma/.config/herdr/session.json workspaces=2
2026-06-25T09:32:10.747585Z  INFO herdr::logging: tab focused event="tab.focus" subsystem="tab" outcome="ok" workspace_id="w2" tab_id="w2:t1"
2026-06-25T09:32:13.562964Z  INFO herdr::logging: tab focused event="tab.focus" subsystem="tab" outcome="ok" workspace_id="w2" tab_id="w2:t1"
2026-06-25T09:32:18.569313Z  INFO herdr::logging: session saved event="persist.save" subsystem="persist" outcome="ok" path=/Users/jma/.config/herdr/session.json workspaces=2
2026-06-25T09:52:39.143659Z  INFO herdr::server::headless: client resize client_id=6 cols=285 rows=55 cell_width_px=0 cell_height_px=0
2026-06-25T09:52:39.411976Z  INFO herdr::server::headless: client resize client_id=6 cols=199 rows=55 cell_width_px=0 cell_height_px=0
2026-06-25T09:54:59.651296Z  INFO herdr::logging: tab focused event="tab.focus" subsystem="tab" outcome="ok" workspace_id="w2" tab_id="w2:t1"
2026-06-25T09:55:04.661444Z  INFO herdr::logging: session saved event="persist.save" subsystem="persist" outcome="ok" path=/Users/jma/.config/herdr/session.json workspaces=2
2026-06-25T09:55:36.563362Z  INFO herdr::logging: tab focused event="tab.focus" subsystem="tab" outcome="ok" workspace_id="w2" tab_id="w2:t1"
2026-06-25T09:55:38.529560Z  INFO herdr::app::actions: copied selection to clipboard
2026-06-25T09:55:40.212479Z  INFO herdr::logging: tab focused event="tab.focus" subsystem="tab" outcome="ok" workspace_id="w2" tab_id="w2:t1"
2026-06-25T09:55:40.929407Z  INFO herdr::logging: tab focused event="tab.focus" subsystem="tab" outcome="ok" workspace_id="w2" tab_id="w2:t1"
2026-06-25T09:55:45.935222Z  INFO herdr::logging: session saved event="persist.save" subsystem="persist" outcome="ok" path=/Users/jma/.config/herdr/session.json workspaces=2
2026-06-25T09:56:57.268729Z  INFO herdr::logging: tab focused event="tab.focus" subsystem="tab" outcome="ok" workspace_id="w2" tab_id="w2:t1"
2026-06-25T09:57:02.286231Z  INFO herdr::logging: session saved event="persist.save" subsystem="persist" outcome="ok" path=/Users/jma/.config/herdr/session.json workspaces=2
2026-06-25T09:58:33.887500Z  INFO herdr::logging: tab focused event="tab.focus" subsystem="tab" outcome="ok" workspace_id="w2" tab_id="w2:t1"
2026-06-25T09:58:38.896027Z  INFO herdr::logging: session saved event="persist.save" subsystem="persist" outcome="ok" path=/Users/jma/.config/herdr/session.json workspaces=2
2026-06-25T09:59:02.804264Z  INFO herdr::logging: tab focused event="tab.focus" subsystem="tab" outcome="ok" workspace_id="w2" tab_id="w2:t1"
2026-06-25T09:59:07.815980Z  INFO herdr::logging: session saved event="persist.save" subsystem="persist" outcome="ok" path=/Users/jma/.config/herdr/session.json workspaces=2
2026-06-25T09:59:26.433383Z  INFO herdr::logging: tab focused event="tab.focus" subsystem="tab" outcome="ok" workspace_id="w2" tab_id="w2:t1"
2026-06-25T09:59:31.439410Z  INFO herdr::logging: session saved event="persist.save" subsystem="persist" outcome="ok" path=/Users/jma/.config/herdr/session.json workspaces=2
2026-06-25T10:00:49.513068Z  INFO herdr::logging: tab focused event="tab.focus" subsystem="tab" outcome="ok" workspace_id="w2" tab_id="w2:t1"
2026-06-25T10:00:54.530689Z  INFO herdr::logging: session saved event="persist.save" subsystem="persist" outcome="ok" path=/Users/jma/.config/herdr/session.json workspaces=2
2026-06-25T10:01:28.014280Z  INFO herdr::logging: tab focused event="tab.focus" subsystem="tab" outcome="ok" workspace_id="w2" tab_id="w2:t1"
2026-06-25T10:01:33.021538Z  INFO herdr::logging: session saved event="persist.save" subsystem="persist" outcome="ok" path=/Users/jma/.config/herdr/session.json workspaces=2
2026-06-25T10:01:47.489333Z  INFO herdr::logging: tab focused event="tab.focus" subsystem="tab" outcome="ok" workspace_id="w2" tab_id="w2:t1"
2026-06-25T10:01:52.500354Z  INFO herdr::logging: session saved event="persist.save" subsystem="persist" outcome="ok" path=/Users/jma/.config/herdr/session.json workspaces=2
2026-06-25T10:04:03.526289Z  INFO herdr::logging: tab focused event="tab.focus" subsystem="tab" outcome="ok" workspace_id="w2" tab_id="w2:t1"
2026-06-25T10:04:06.350037Z  INFO herdr::logging: tab focused event="tab.focus" subsystem="tab" outcome="ok" workspace_id="w2" tab_id="w2:t1"
2026-06-25T10:04:11.360815Z  INFO herdr::logging: session saved event="persist.save" subsystem="persist" outcome="ok" path=/Users/jma/.config/herdr/session.json workspaces=2
2026-06-25T10:10:06.603124Z  INFO herdr::logging: tab focused event="tab.focus" subsystem="tab" outcome="ok" workspace_id="w2" tab_id="w2:t1"
2026-06-25T10:10:11.614158Z  INFO herdr::logging: session saved event="persist.save" subsystem="persist" outcome="ok" path=/Users/jma/.config/herdr/session.json workspaces=2
2026-06-25T10:11:17.390862Z  INFO herdr::logging: tab focused event="tab.focus" subsystem="tab" outcome="ok" workspace_id="w2" tab_id="w2:t1"
2026-06-25T10:11:22.405832Z  INFO herdr::logging: session saved event="persist.save" subsystem="persist" outcome="ok" path=/Users/jma/.config/herdr/session.json workspaces=2
2026-06-25T10:13:30.391469Z  INFO herdr::app::actions: copied selection to clipboard
2026-06-25T10:13:33.476035Z  INFO herdr::logging: tab focused event="tab.focus" subsystem="tab" outcome="ok" workspace_id="w2" tab_id="w2:t1"
2026-06-25T10:13:38.490584Z  INFO herdr::logging: session saved event="persist.save" subsystem="persist" outcome="ok" path=/Users/jma/.config/herdr/session.json workspaces=2
2026-06-25T10:15:22.793718Z  INFO herdr::logging: tab focused event="tab.focus" subsystem="tab" outcome="ok" workspace_id="w2" tab_id="w2:t1"
2026-06-25T10:15:27.795980Z  INFO herdr::logging: session saved event="persist.save" subsystem="persist" outcome="ok" path=/Users/jma/.config/herdr/session.json workspaces=2
2026-06-25T10:16:37.245488Z  INFO herdr::logging: tab focused event="tab.focus" subsystem="tab" outcome="ok" workspace_id="w2" tab_id="w2:t1"
2026-06-25T10:16:42.259393Z  INFO herdr::logging: session saved event="persist.save" subsystem="persist" outcome="ok" path=/Users/jma/.config/herdr/session.json workspaces=2
2026-06-25T10:18:10.437606Z  INFO herdr::logging: tab focused event="tab.focus" subsystem="tab" outcome="ok" workspace_id="w2" tab_id="w2:t1"
2026-06-25T10:18:15.452607Z  INFO herdr::logging: session saved event="persist.save" subsystem="persist" outcome="ok" path=/Users/jma/.config/herdr/session.json workspaces=2
2026-06-25T10:19:37.517138Z  INFO herdr::logging: tab focused event="tab.focus" subsystem="tab" outcome="ok" workspace_id="w2" tab_id="w2:t1"
2026-06-25T10:19:42.530955Z  INFO herdr::logging: session saved event="persist.save" subsystem="persist" outcome="ok" path=/Users/jma/.config/herdr/session.json workspaces=2
2026-06-25T10:21:29.839855Z  INFO herdr::logging: tab focused event="tab.focus" subsystem="tab" outcome="ok" workspace_id="w2" tab_id="w2:t1"
2026-06-25T10:21:34.859645Z  INFO herdr::logging: session saved event="persist.save" subsystem="persist" outcome="ok" path=/Users/jma/.config/herdr/session.json workspaces=2
2026-06-25T10:22:24.555549Z  INFO herdr::logging: tab focused event="tab.focus" subsystem="tab" outcome="ok" workspace_id="w2" tab_id="w2:t1"
2026-06-25T10:22:29.570214Z  INFO herdr::logging: session saved event="persist.save" subsystem="persist" outcome="ok" path=/Users/jma/.config/herdr/session.json workspaces=2
2026-06-25T10:23:42.612387Z  INFO herdr::logging: tab focused event="tab.focus" subsystem="tab" outcome="ok" workspace_id="w2" tab_id="w2:t1"
2026-06-25T10:23:47.622900Z  INFO herdr::logging: session saved event="persist.save" subsystem="persist" outcome="ok" path=/Users/jma/.config/herdr/session.json workspaces=2
2026-06-25T10:29:32.969168Z  INFO herdr::app::actions: copied double-clicked token to clipboard
2026-06-25T10:30:16.529059Z  INFO herdr::logging: tab focused event="tab.focus" subsystem="tab" outcome="ok" workspace_id="w2" tab_id="w2:t1"
2026-06-25T10:30:18.795571Z  INFO herdr::logging: tab focused event="tab.focus" subsystem="tab" outcome="ok" workspace_id="w2" tab_id="w2:t1"
2026-06-25T10:30:23.815550Z  INFO herdr::logging: session saved event="persist.save" subsystem="persist" outcome="ok" path=/Users/jma/.config/herdr/session.json workspaces=2
2026-06-25T10:33:40.263995Z  INFO herdr::logging: tab focused event="tab.focus" subsystem="tab" outcome="ok" workspace_id="w2" tab_id="w2:t1"
2026-06-25T10:33:45.271526Z  INFO herdr::logging: session saved event="persist.save" subsystem="persist" outcome="ok" path=/Users/jma/.config/herdr/session.json workspaces=2
2026-06-25T10:52:09.886540Z  INFO herdr::server::headless: client resize client_id=6 cols=199 rows=57 cell_width_px=0 cell_height_px=0
2026-06-25T10:52:11.343901Z  INFO herdr::server::headless: client resize client_id=6 cols=285 rows=80 cell_width_px=0 cell_height_px=0
2026-06-25T10:53:11.452338Z  INFO herdr::logging: tab focused event="tab.focus" subsystem="tab" outcome="ok" workspace_id="w2" tab_id="w2:t1"
2026-06-25T10:53:16.467954Z  INFO herdr::logging: session saved event="persist.save" subsystem="persist" outcome="ok" path=/Users/jma/.config/herdr/session.json workspaces=2
2026-06-25T10:53:20.693566Z  INFO herdr::app::actions: copied selection to clipboard
2026-06-25T10:54:37.400993Z  INFO herdr::logging: tab focused event="tab.focus" subsystem="tab" outcome="ok" workspace_id="w2" tab_id="w2:t1"
2026-06-25T10:54:42.412036Z  INFO herdr::logging: session saved event="persist.save" subsystem="persist" outcome="ok" path=/Users/jma/.config/herdr/session.json workspaces=2
2026-06-25T10:55:58.239426Z  INFO herdr::logging: tab focused event="tab.focus" subsystem="tab" outcome="ok" workspace_id="w2" tab_id="w2:t1"
2026-06-25T10:56:03.267724Z  INFO herdr::logging: session saved event="persist.save" subsystem="persist" outcome="ok" path=/Users/jma/.config/herdr/session.json workspaces=2
2026-06-25T11:00:38.519920Z  INFO herdr::logging: tab focused event="tab.focus" subsystem="tab" outcome="ok" workspace_id="w2" tab_id="w2:t1"
2026-06-25T11:00:43.547291Z  INFO herdr::logging: session saved event="persist.save" subsystem="persist" outcome="ok" path=/Users/jma/.config/herdr/session.json workspaces=2
2026-06-25T11:02:53.992599Z  INFO herdr::logging: tab focused event="tab.focus" subsystem="tab" outcome="ok" workspace_id="w2" tab_id="w2:t1"
2026-06-25T11:02:59.034026Z  INFO herdr::logging: session saved event="persist.save" subsystem="persist" outcome="ok" path=/Users/jma/.config/herdr/session.json workspaces=2
2026-06-25T11:03:13.383732Z  INFO herdr::logging: tab focused event="tab.focus" subsystem="tab" outcome="ok" workspace_id="w2" tab_id="w2:t1"
2026-06-25T11:03:15.302384Z  INFO herdr::logging: tab focused event="tab.focus" subsystem="tab" outcome="ok" workspace_id="w2" tab_id="w2:t1"
2026-06-25T11:03:20.312301Z  INFO herdr::logging: session saved event="persist.save" subsystem="persist" outcome="ok" path=/Users/jma/.config/herdr/session.json workspaces=2
2026-06-25T11:03:45.422182Z  INFO herdr::logging: tab focused event="tab.focus" subsystem="tab" outcome="ok" workspace_id="w2" tab_id="w2:t1"
2026-06-25T11:03:50.431156Z  INFO herdr::logging: session saved event="persist.save" subsystem="persist" outcome="ok" path=/Users/jma/.config/herdr/session.json workspaces=2
2026-06-25T11:05:26.737296Z  INFO herdr::logging: tab focused event="tab.focus" subsystem="tab" outcome="ok" workspace_id="w2" tab_id="w2:t1"
2026-06-25T11:05:31.747134Z  INFO herdr::logging: session saved event="persist.save" subsystem="persist" outcome="ok" path=/Users/jma/.config/herdr/session.json workspaces=2
2026-06-25T11:05:49.652036Z  INFO herdr::logging: tab focused event="tab.focus" subsystem="tab" outcome="ok" workspace_id="w2" tab_id="w2:t1"
2026-06-25T11:05:53.116857Z  INFO herdr::logging: tab focused event="tab.focus" subsystem="tab" outcome="ok" workspace_id="w2" tab_id="w2:t1"
2026-06-25T11:05:58.122688Z  INFO herdr::logging: session saved event="persist.save" subsystem="persist" outcome="ok" path=/Users/jma/.config/herdr/session.json workspaces=2
2026-06-25T11:07:09.526604Z  INFO herdr::logging: tab focused event="tab.focus" subsystem="tab" outcome="ok" workspace_id="w2" tab_id="w2:t1"
2026-06-25T11:07:14.549569Z  INFO herdr::logging: session saved event="persist.save" subsystem="persist" outcome="ok" path=/Users/jma/.config/herdr/session.json workspaces=2
2026-06-25T11:07:20.204714Z  INFO herdr::logging: tab focused event="tab.focus" subsystem="tab" outcome="ok" workspace_id="w2" tab_id="w2:t1"
2026-06-25T11:07:25.229075Z  INFO herdr::logging: session saved event="persist.save" subsystem="persist" outcome="ok" path=/Users/jma/.config/herdr/session.json workspaces=2
2026-06-25T11:08:35.559579Z  INFO herdr::logging: tab focused event="tab.focus" subsystem="tab" outcome="ok" workspace_id="w2" tab_id="w2:t1"
2026-06-25T11:08:40.568157Z  INFO herdr::logging: session saved event="persist.save" subsystem="persist" outcome="ok" path=/Users/jma/.config/herdr/session.json workspaces=2
2026-06-25T11:09:49.426147Z  INFO herdr::logging: tab focused event="tab.focus" subsystem="tab" outcome="ok" workspace_id="w2" tab_id="w2:t1"
2026-06-25T11:09:52.123969Z  INFO herdr::logging: tab focused event="tab.focus" subsystem="tab" outcome="ok" workspace_id="w2" tab_id="w2:t1"
2026-06-25T11:09:57.133811Z  INFO herdr::logging: session saved event="persist.save" subsystem="persist" outcome="ok" path=/Users/jma/.config/herdr/session.json workspaces=2
2026-06-25T11:10:07.249154Z  INFO herdr::app::actions: copied double-clicked token to clipboard
2026-06-25T11:11:30.226306Z  INFO herdr::app::actions: copied selection to clipboard
2026-06-25T11:13:06.853094Z  INFO herdr::logging: tab focused event="tab.focus" subsystem="tab" outcome="ok" workspace_id="w2" tab_id="w2:t1"
2026-06-25T11:13:11.865677Z  INFO herdr::logging: session saved event="persist.save" subsystem="persist" outcome="ok" path=/Users/jma/.config/herdr/session.json workspaces=2
2026-06-25T11:13:54.030369Z  INFO herdr::logging: tab focused event="tab.focus" subsystem="tab" outcome="ok" workspace_id="w2" tab_id="w2:t1"
2026-06-25T11:13:59.050588Z  INFO herdr::logging: session saved event="persist.save" subsystem="persist" outcome="ok" path=/Users/jma/.config/herdr/session.json workspaces=2
2026-06-25T11:14:07.600661Z  INFO herdr::logging: tab focused event="tab.focus" subsystem="tab" outcome="ok" workspace_id="w2" tab_id="w2:t1"
2026-06-25T11:14:12.616352Z  INFO herdr::logging: session saved event="persist.save" subsystem="persist" outcome="ok" path=/Users/jma/.config/herdr/session.json workspaces=2
2026-06-25T11:16:06.025826Z  INFO herdr::logging: tab focused event="tab.focus" subsystem="tab" outcome="ok" workspace_id="w2" tab_id="w2:t1"
2026-06-25T11:16:10.316798Z  INFO herdr::logging: tab focused event="tab.focus" subsystem="tab" outcome="ok" workspace_id="w2" tab_id="w2:t1"
2026-06-25T11:16:15.332250Z  INFO herdr::logging: session saved event="persist.save" subsystem="persist" outcome="ok" path=/Users/jma/.config/herdr/session.json workspaces=2
2026-06-25T11:16:55.170452Z  INFO herdr::logging: tab focused event="tab.focus" subsystem="tab" outcome="ok" workspace_id="w2" tab_id="w2:t1"
2026-06-25T11:17:00.175931Z  INFO herdr::logging: session saved event="persist.save" subsystem="persist" outcome="ok" path=/Users/jma/.config/herdr/session.json workspaces=2
2026-06-25T11:17:20.923635Z  INFO herdr::logging: tab focused event="tab.focus" subsystem="tab" outcome="ok" workspace_id="w2" tab_id="w2:t1"
2026-06-25T11:17:21.686737Z  INFO herdr::logging: tab focused event="tab.focus" subsystem="tab" outcome="ok" workspace_id="w2" tab_id="w2:t1"
2026-06-25T11:17:26.728931Z  INFO herdr::logging: session saved event="persist.save" subsystem="persist" outcome="ok" path=/Users/jma/.config/herdr/session.json workspaces=2
2026-06-25T11:18:09.385633Z  INFO herdr::logging: tab focused event="tab.focus" subsystem="tab" outcome="ok" workspace_id="w2" tab_id="w2:t1"
2026-06-25T11:18:14.405808Z  INFO herdr::logging: session saved event="persist.save" subsystem="persist" outcome="ok" path=/Users/jma/.config/herdr/session.json workspaces=2
2026-06-25T11:19:31.453407Z  INFO herdr::logging: tab focused event="tab.focus" subsystem="tab" outcome="ok" workspace_id="w2" tab_id="w2:t1"
2026-06-25T11:19:36.478493Z  INFO herdr::logging: session saved event="persist.save" subsystem="persist" outcome="ok" path=/Users/jma/.config/herdr/session.json workspaces=2
2026-06-25T11:20:05.671007Z  INFO herdr::logging: tab focused event="tab.focus" subsystem="tab" outcome="ok" workspace_id="w2" tab_id="w2:t1"
2026-06-25T11:20:10.693075Z  INFO herdr::logging: session saved event="persist.save" subsystem="persist" outcome="ok" path=/Users/jma/.config/herdr/session.json workspaces=2
2026-06-25T11:20:25.086689Z  INFO herdr::logging: tab focused event="tab.focus" subsystem="tab" outcome="ok" workspace_id="w2" tab_id="w2:t1"
2026-06-25T11:20:30.109823Z  INFO herdr::logging: session saved event="persist.save" subsystem="persist" outcome="ok" path=/Users/jma/.config/herdr/session.json workspaces=2
2026-06-25T11:20:39.603621Z  INFO herdr::logging: tab focused event="tab.focus" subsystem="tab" outcome="ok" workspace_id="w2" tab_id="w2:t1"
2026-06-25T11:20:42.157896Z  INFO herdr::logging: tab focused event="tab.focus" subsystem="tab" outcome="ok" workspace_id="w2" tab_id="w2:t1"
2026-06-25T11:20:47.167533Z  INFO herdr::logging: session saved event="persist.save" subsystem="persist" outcome="ok" path=/Users/jma/.config/herdr/session.json workspaces=2
2026-06-25T11:25:53.613514Z  INFO herdr::logging: tab focused event="tab.focus" subsystem="tab" outcome="ok" workspace_id="w2" tab_id="w2:t1"
2026-06-25T11:25:54.873996Z  INFO herdr::logging: tab focused event="tab.focus" subsystem="tab" outcome="ok" workspace_id="w2" tab_id="w2:t1"
2026-06-25T11:25:59.904157Z  INFO herdr::logging: session saved event="persist.save" subsystem="persist" outcome="ok" path=/Users/jma/.config/herdr/session.json workspaces=2
2026-06-25T11:26:43.316096Z  INFO herdr::logging: tab focused event="tab.focus" subsystem="tab" outcome="ok" workspace_id="w2" tab_id="w2:t1"
2026-06-25T11:26:48.341663Z  INFO herdr::logging: session saved event="persist.save" subsystem="persist" outcome="ok" path=/Users/jma/.config/herdr/session.json workspaces=2
2026-06-25T11:26:58.110343Z  INFO herdr::logging: tab focused event="tab.focus" subsystem="tab" outcome="ok" workspace_id="w2" tab_id="w2:t1"
2026-06-25T11:27:03.120398Z  INFO herdr::logging: session saved event="persist.save" subsystem="persist" outcome="ok" path=/Users/jma/.config/herdr/session.json workspaces=2
2026-06-25T11:27:18.392682Z  INFO herdr::logging: tab focused event="tab.focus" subsystem="tab" outcome="ok" workspace_id="w2" tab_id="w2:t1"
2026-06-25T11:27:23.413119Z  INFO herdr::logging: session saved event="persist.save" subsystem="persist" outcome="ok" path=/Users/jma/.config/herdr/session.json workspaces=2
2026-06-25T11:27:49.400152Z  INFO herdr::logging: tab focused event="tab.focus" subsystem="tab" outcome="ok" workspace_id="w2" tab_id="w2:t1"
2026-06-25T11:27:54.411959Z  INFO herdr::logging: session saved event="persist.save" subsystem="persist" outcome="ok" path=/Users/jma/.config/herdr/session.json workspaces=2
2026-06-25T11:28:30.320283Z  INFO herdr::logging: tab focused event="tab.focus" subsystem="tab" outcome="ok" workspace_id="w2" tab_id="w2:t1"
2026-06-25T11:28:35.342824Z  INFO herdr::logging: session saved event="persist.save" subsystem="persist" outcome="ok" path=/Users/jma/.config/herdr/session.json workspaces=2
2026-06-25T11:28:37.728606Z  INFO herdr::logging: tab focused event="tab.focus" subsystem="tab" outcome="ok" workspace_id="w2" tab_id="w2:t1"
2026-06-25T11:28:42.760676Z  INFO herdr::logging: session saved event="persist.save" subsystem="persist" outcome="ok" path=/Users/jma/.config/herdr/session.json workspaces=2
2026-06-25T11:28:49.204178Z  INFO herdr::logging: tab focused event="tab.focus" subsystem="tab" outcome="ok" workspace_id="w2" tab_id="w2:t1"
2026-06-25T11:28:54.227902Z  INFO herdr::logging: session saved event="persist.save" subsystem="persist" outcome="ok" path=/Users/jma/.config/herdr/session.json workspaces=2
2026-06-25T11:29:04.577867Z  INFO herdr::logging: tab focused event="tab.focus" subsystem="tab" outcome="ok" workspace_id="w2" tab_id="w2:t1"
2026-06-25T11:29:09.585811Z  INFO herdr::logging: session saved event="persist.save" subsystem="persist" outcome="ok" path=/Users/jma/.config/herdr/session.json workspaces=2
2026-06-25T11:29:30.918437Z  INFO herdr::logging: tab focused event="tab.focus" subsystem="tab" outcome="ok" workspace_id="w2" tab_id="w2:t1"
2026-06-25T11:29:35.949230Z  INFO herdr::logging: session saved event="persist.save" subsystem="persist" outcome="ok" path=/Users/jma/.config/herdr/session.json workspaces=2
2026-06-25T11:29:49.444034Z  INFO herdr::logging: tab focused event="tab.focus" subsystem="tab" outcome="ok" workspace_id="w2" tab_id="w2:t1"
2026-06-25T11:29:54.471090Z  INFO herdr::logging: session saved event="persist.save" subsystem="persist" outcome="ok" path=/Users/jma/.config/herdr/session.json workspaces=2
2026-06-25T11:32:43.604096Z  INFO herdr::logging: tab focused event="tab.focus" subsystem="tab" outcome="ok" workspace_id="w2" tab_id="w2:t1"
2026-06-25T11:32:44.922314Z  INFO herdr::logging: tab focused event="tab.focus" subsystem="tab" outcome="ok" workspace_id="w2" tab_id="w2:t1"
2026-06-25T11:32:49.941660Z  INFO herdr::logging: session saved event="persist.save" subsystem="persist" outcome="ok" path=/Users/jma/.config/herdr/session.json workspaces=2
2026-06-25T12:48:26.961181Z  INFO herdr::logging: tab focused event="tab.focus" subsystem="tab" outcome="ok" workspace_id="w2" tab_id="w2:t1"
2026-06-25T12:48:32.017976Z  INFO herdr::logging: session saved event="persist.save" subsystem="persist" outcome="ok" path=/Users/jma/.config/herdr/session.json workspaces=2
2026-06-25T12:49:09.286083Z  INFO herdr::logging: tab focused event="tab.focus" subsystem="tab" outcome="ok" workspace_id="w2" tab_id="w2:t1"
2026-06-25T12:49:14.322500Z  INFO herdr::logging: session saved event="persist.save" subsystem="persist" outcome="ok" path=/Users/jma/.config/herdr/session.json workspaces=2
2026-06-25T12:50:38.210465Z  INFO herdr::logging: tab focused event="tab.focus" subsystem="tab" outcome="ok" workspace_id="w2" tab_id="w2:t1"
2026-06-25T12:50:42.262445Z  INFO herdr::logging: tab focused event="tab.focus" subsystem="tab" outcome="ok" workspace_id="w2" tab_id="w2:t1"
2026-06-25T12:50:47.299600Z  INFO herdr::logging: session saved event="persist.save" subsystem="persist" outcome="ok" path=/Users/jma/.config/herdr/session.json workspaces=2
2026-06-25T12:52:43.653958Z  INFO herdr::logging: tab focused event="tab.focus" subsystem="tab" outcome="ok" workspace_id="w2" tab_id="w2:t1"
2026-06-25T12:52:48.683516Z  INFO herdr::logging: session saved event="persist.save" subsystem="persist" outcome="ok" path=/Users/jma/.config/herdr/session.json workspaces=2
2026-06-25T12:53:55.581223Z  INFO herdr::logging: tab focused event="tab.focus" subsystem="tab" outcome="ok" workspace_id="w2" tab_id="w2:t1"
2026-06-25T12:54:00.606304Z  INFO herdr::logging: session saved event="persist.save" subsystem="persist" outcome="ok" path=/Users/jma/.config/herdr/session.json workspaces=2
2026-06-25T12:55:46.190163Z  INFO herdr::logging: tab focused event="tab.focus" subsystem="tab" outcome="ok" workspace_id="w2" tab_id="w2:t1"
2026-06-25T12:55:51.225043Z  INFO herdr::logging: session saved event="persist.save" subsystem="persist" outcome="ok" path=/Users/jma/.config/herdr/session.json workspaces=2
2026-06-25T12:57:02.999376Z  INFO herdr::logging: tab focused event="tab.focus" subsystem="tab" outcome="ok" workspace_id="w2" tab_id="w2:t1"
2026-06-25T12:57:08.025613Z  INFO herdr::logging: session saved event="persist.save" subsystem="persist" outcome="ok" path=/Users/jma/.config/herdr/session.json workspaces=2
2026-06-25T12:57:57.457425Z  INFO herdr::logging: tab focused event="tab.focus" subsystem="tab" outcome="ok" workspace_id="w2" tab_id="w2:t1"
2026-06-25T12:58:02.488211Z  INFO herdr::logging: session saved event="persist.save" subsystem="persist" outcome="ok" path=/Users/jma/.config/herdr/session.json workspaces=2
2026-06-25T12:59:14.648868Z  INFO herdr::logging: tab focused event="tab.focus" subsystem="tab" outcome="ok" workspace_id="w2" tab_id="w2:t1"
2026-06-25T12:59:16.458389Z  INFO herdr::app::actions: copied selection to clipboard
2026-06-25T12:59:19.672646Z  INFO herdr::logging: session saved event="persist.save" subsystem="persist" outcome="ok" path=/Users/jma/.config/herdr/session.json workspaces=2
2026-06-25T13:00:02.846552Z  INFO herdr::logging: tab focused event="tab.focus" subsystem="tab" outcome="ok" workspace_id="w2" tab_id="w2:t1"
2026-06-25T13:00:07.876888Z  INFO herdr::logging: session saved event="persist.save" subsystem="persist" outcome="ok" path=/Users/jma/.config/herdr/session.json workspaces=2
2026-06-25T13:01:11.587420Z  INFO herdr::logging: tab focused event="tab.focus" subsystem="tab" outcome="ok" workspace_id="w2" tab_id="w2:t1"
2026-06-25T13:01:16.605857Z  INFO herdr::logging: session saved event="persist.save" subsystem="persist" outcome="ok" path=/Users/jma/.config/herdr/session.json workspaces=2
2026-06-25T13:01:36.853937Z  INFO herdr::logging: tab focused event="tab.focus" subsystem="tab" outcome="ok" workspace_id="w2" tab_id="w2:t1"
2026-06-25T13:01:41.893699Z  INFO herdr::logging: session saved event="persist.save" subsystem="persist" outcome="ok" path=/Users/jma/.config/herdr/session.json workspaces=2
2026-06-25T13:03:40.213577Z  INFO herdr::logging: tab focused event="tab.focus" subsystem="tab" outcome="ok" workspace_id="w2" tab_id="w2:t1"
2026-06-25T13:03:45.250148Z  INFO herdr::logging: session saved event="persist.save" subsystem="persist" outcome="ok" path=/Users/jma/.config/herdr/session.json workspaces=2
2026-06-25T13:05:48.395663Z  INFO herdr::logging: tab focused event="tab.focus" subsystem="tab" outcome="ok" workspace_id="w2" tab_id="w2:t1"
2026-06-25T13:05:50.399517Z  INFO herdr::logging: tab focused event="tab.focus" subsystem="tab" outcome="ok" workspace_id="w2" tab_id="w2:t1"
2026-06-25T13:05:55.412358Z  INFO herdr::logging: session saved event="persist.save" subsystem="persist" outcome="ok" path=/Users/jma/.config/herdr/session.json workspaces=2
2026-06-25T13:06:08.300048Z  INFO herdr::logging: tab focused event="tab.focus" subsystem="tab" outcome="ok" workspace_id="w2" tab_id="w2:t1"
2026-06-25T13:06:13.334170Z  INFO herdr::logging: session saved event="persist.save" subsystem="persist" outcome="ok" path=/Users/jma/.config/herdr/session.json workspaces=2
2026-06-25T13:07:32.414815Z  INFO herdr::logging: tab focused event="tab.focus" subsystem="tab" outcome="ok" workspace_id="w2" tab_id="w2:t1"
2026-06-25T13:07:37.451417Z  INFO herdr::logging: session saved event="persist.save" subsystem="persist" outcome="ok" path=/Users/jma/.config/herdr/session.json workspaces=2
2026-06-25T13:08:07.618456Z  INFO herdr::logging: tab focused event="tab.focus" subsystem="tab" outcome="ok" workspace_id="w2" tab_id="w2:t1"
2026-06-25T13:08:12.629706Z  INFO herdr::logging: session saved event="persist.save" subsystem="persist" outcome="ok" path=/Users/jma/.config/herdr/session.json workspaces=2
2026-06-25T13:08:51.386888Z  INFO herdr::logging: tab focused event="tab.focus" subsystem="tab" outcome="ok" workspace_id="w2" tab_id="w2:t1"
2026-06-25T13:08:56.416860Z  INFO herdr::logging: session saved event="persist.save" subsystem="persist" outcome="ok" path=/Users/jma/.config/herdr/session.json workspaces=2
2026-06-25T13:10:26.073758Z  INFO herdr::logging: tab focused event="tab.focus" subsystem="tab" outcome="ok" workspace_id="w2" tab_id="w2:t1"
2026-06-25T13:10:31.093679Z  INFO herdr::logging: session saved event="persist.save" subsystem="persist" outcome="ok" path=/Users/jma/.config/herdr/session.json workspaces=2
2026-06-25T13:14:28.808614Z  INFO herdr::logging: tab focused event="tab.focus" subsystem="tab" outcome="ok" workspace_id="w2" tab_id="w2:t1"
2026-06-25T13:14:33.836016Z  INFO herdr::logging: session saved event="persist.save" subsystem="persist" outcome="ok" path=/Users/jma/.config/herdr/session.json workspaces=2
2026-06-25T13:14:46.806370Z  INFO herdr::logging: tab focused event="tab.focus" subsystem="tab" outcome="ok" workspace_id="w2" tab_id="w2:t1"
2026-06-25T13:14:48.866047Z  INFO herdr::logging: tab focused event="tab.focus" subsystem="tab" outcome="ok" workspace_id="w2" tab_id="w2:t1"
2026-06-25T13:14:53.904219Z  INFO herdr::logging: session saved event="persist.save" subsystem="persist" outcome="ok" path=/Users/jma/.config/herdr/session.json workspaces=2
2026-06-25T13:16:39.626595Z  INFO herdr::logging: tab focused event="tab.focus" subsystem="tab" outcome="ok" workspace_id="w2" tab_id="w2:t1"
2026-06-25T13:16:44.647621Z  INFO herdr::logging: session saved event="persist.save" subsystem="persist" outcome="ok" path=/Users/jma/.config/herdr/session.json workspaces=2
2026-06-25T13:21:16.150711Z  INFO herdr::logging: tab focused event="tab.focus" subsystem="tab" outcome="ok" workspace_id="w2" tab_id="w2:t1"
2026-06-25T13:21:21.216969Z  INFO herdr::logging: session saved event="persist.save" subsystem="persist" outcome="ok" path=/Users/jma/.config/herdr/session.json workspaces=2
2026-06-25T13:24:34.492160Z  INFO herdr::logging: tab focused event="tab.focus" subsystem="tab" outcome="ok" workspace_id="w2" tab_id="w2:t1"
2026-06-25T13:24:39.519054Z  INFO herdr::logging: session saved event="persist.save" subsystem="persist" outcome="ok" path=/Users/jma/.config/herdr/session.json workspaces=2
2026-06-25T13:28:07.682440Z  INFO herdr::logging: tab focused event="tab.focus" subsystem="tab" outcome="ok" workspace_id="w2" tab_id="w2:t1"
2026-06-25T13:28:12.721828Z  INFO herdr::logging: session saved event="persist.save" subsystem="persist" outcome="ok" path=/Users/jma/.config/herdr/session.json workspaces=2
2026-06-25T13:30:59.144971Z  INFO herdr::logging: tab focused event="tab.focus" subsystem="tab" outcome="ok" workspace_id="w2" tab_id="w2:t1"
2026-06-25T13:31:04.174914Z  INFO herdr::logging: session saved event="persist.save" subsystem="persist" outcome="ok" path=/Users/jma/.config/herdr/session.json workspaces=2
2026-06-25T13:32:04.423731Z  INFO herdr::logging: tab focused event="tab.focus" subsystem="tab" outcome="ok" workspace_id="w2" tab_id="w2:t1"
2026-06-25T13:32:09.460275Z  INFO herdr::logging: session saved event="persist.save" subsystem="persist" outcome="ok" path=/Users/jma/.config/herdr/session.json workspaces=2
2026-06-25T13:34:26.610677Z  INFO herdr::logging: tab focused event="tab.focus" subsystem="tab" outcome="ok" workspace_id="w2" tab_id="w2:t1"
2026-06-25T13:34:31.652389Z  INFO herdr::logging: session saved event="persist.save" subsystem="persist" outcome="ok" path=/Users/jma/.config/herdr/session.json workspaces=2
2026-06-25T13:36:04.760090Z  INFO herdr::logging: tab focused event="tab.focus" subsystem="tab" outcome="ok" workspace_id="w2" tab_id="w2:t1"
2026-06-25T13:36:09.789044Z  INFO herdr::logging: session saved event="persist.save" subsystem="persist" outcome="ok" path=/Users/jma/.config/herdr/session.json workspaces=2
2026-06-25T13:56:23.503570Z  INFO herdr::logging: tab focused event="tab.focus" subsystem="tab" outcome="ok" workspace_id="w2" tab_id="w2:t1"
2026-06-25T13:56:28.555432Z  INFO herdr::logging: session saved event="persist.save" subsystem="persist" outcome="ok" path=/Users/jma/.config/herdr/session.json workspaces=2
2026-06-25T13:56:41.759555Z  INFO herdr::pane: agent changed pane=2 previous_agent=Some(Codex) agent=None pgid=Some(5288)
2026-06-25T14:00:45.301130Z  INFO herdr::server::headless: client resize client_id=6 cols=285 rows=55 cell_width_px=0 cell_height_px=0
2026-06-25T14:00:45.713367Z  INFO herdr::server::headless: client resize client_id=6 cols=199 rows=55 cell_width_px=0 cell_height_px=0
2026-06-25T21:49:42.977882Z  INFO herdr::server::headless: client detach requested via keybind client_id=6
2026-06-25T21:49:42.988455Z  INFO herdr::server::headless: client disconnected client_id=6
2026-06-25T21:49:45.265044Z  INFO herdr::server::headless: client connected client_id=8 cols=199 rows=55 cell_width_px=0 cell_height_px=0 render_encoding=SemanticFrame
2026-06-25T21:53:43.222310Z  INFO herdr::server::headless: client resize client_id=8 cols=198 rows=55 cell_width_px=0 cell_height_px=0
2026-06-25T23:23:29.172654Z  INFO herdr::server::headless: client connected client_id=10 cols=153 rows=45 cell_width_px=0 cell_height_px=0 render_encoding=SemanticFrame
2026-06-25T23:23:45.480078Z  INFO herdr::logging: tab focused event="tab.focus" subsystem="tab" outcome="ok" workspace_id="w2" tab_id="w2:t1"
2026-06-25T23:23:46.691112Z  INFO herdr::logging: tab focused event="tab.focus" subsystem="tab" outcome="ok" workspace_id="w2" tab_id="w2:t1"
2026-06-25T23:23:51.722471Z  INFO herdr::logging: session saved event="persist.save" subsystem="persist" outcome="ok" path=/Users/jma/.config/herdr/session.json workspaces=2
2026-06-25T23:24:05.640706Z  INFO herdr::logging: tab focused event="tab.focus" subsystem="tab" outcome="ok" workspace_id="w2" tab_id="w2:t1"
2026-06-25T23:24:10.651648Z  INFO herdr::logging: session saved event="persist.save" subsystem="persist" outcome="ok" path=/Users/jma/.config/herdr/session.json workspaces=2
2026-06-25T23:25:22.436244Z  INFO herdr::server::headless: client detach requested via keybind client_id=10
2026-06-25T23:25:22.440006Z  INFO herdr::server::headless: client disconnected client_id=10
2026-06-26T03:59:03.551563Z  INFO herdr::server::headless: client connected client_id=12 cols=153 rows=45 cell_width_px=0 cell_height_px=0 render_encoding=SemanticFrame
2026-06-26T03:59:04.860517Z  INFO herdr::logging: tab focused event="tab.focus" subsystem="tab" outcome="ok" workspace_id="w2" tab_id="w2:t1"
2026-06-26T03:59:06.890555Z  INFO herdr::logging: tab focused event="tab.focus" subsystem="tab" outcome="ok" workspace_id="w2" tab_id="w2:t1"
2026-06-26T03:59:11.934125Z  INFO herdr::logging: session saved event="persist.save" subsystem="persist" outcome="ok" path=/Users/jma/.config/herdr/session.json workspaces=2
2026-06-26T03:59:32.354291Z  INFO herdr::server::headless: client detach requested via keybind client_id=12
2026-06-26T03:59:32.359111Z  INFO herdr::server::headless: client disconnected client_id=12
2026-06-26T08:29:25.783788Z  INFO herdr::server::headless: client resize client_id=8 cols=398 rows=115 cell_width_px=0 cell_height_px=0
2026-06-26T08:29:25.904238Z  INFO herdr::server::headless: client resize client_id=8 cols=198 rows=57 cell_width_px=0 cell_height_px=0
2026-06-26T08:29:27.642882Z  INFO herdr::server::headless: client resize client_id=8 cols=285 rows=80 cell_width_px=0 cell_height_px=0
2026-06-26T08:55:16.973913Z  INFO herdr::logging: tab focused event="tab.focus" subsystem="tab" outcome="ok" workspace_id="w2" tab_id="w2:t1"
2026-06-26T08:55:22.014620Z  INFO herdr::logging: session saved event="persist.save" subsystem="persist" outcome="ok" path=/Users/jma/.config/herdr/session.json workspaces=2
2026-06-26T08:55:27.731206Z  INFO herdr::logging: tab focused event="tab.focus" subsystem="tab" outcome="ok" workspace_id="w2" tab_id="w2:t1"
2026-06-26T08:55:30.981973Z  INFO herdr::pane: agent changed pane=2 previous_agent=None agent=Some(Codex) process=codex pgid=Some(10466)
2026-06-26T08:55:32.744352Z  INFO herdr::logging: session saved event="persist.save" subsystem="persist" outcome="ok" path=/Users/jma/.config/herdr/session.json workspaces=2
2026-06-26T09:06:27.411731Z  INFO herdr::logging: tab focused event="tab.focus" subsystem="tab" outcome="ok" workspace_id="w2" tab_id="w2:t1"
2026-06-26T09:06:32.444920Z  INFO herdr::logging: session saved event="persist.save" subsystem="persist" outcome="ok" path=/Users/jma/.config/herdr/session.json workspaces=2
2026-06-26T09:07:10.475866Z  INFO herdr::logging: tab focused event="tab.focus" subsystem="tab" outcome="ok" workspace_id="w2" tab_id="w2:t1"
2026-06-26T09:07:15.505315Z  INFO herdr::logging: session saved event="persist.save" subsystem="persist" outcome="ok" path=/Users/jma/.config/herdr/session.json workspaces=2
2026-06-26T09:11:22.633084Z  INFO herdr::app::actions: copied double-clicked token to clipboard
2026-06-26T09:14:45.935840Z  INFO herdr::logging: tab focused event="tab.focus" subsystem="tab" outcome="ok" workspace_id="w2" tab_id="w2:t1"
2026-06-26T09:14:50.948268Z  INFO herdr::logging: session saved event="persist.save" subsystem="persist" outcome="ok" path=/Users/jma/.config/herdr/session.json workspaces=2
2026-06-26T09:15:02.056745Z  INFO herdr::logging: tab focused event="tab.focus" subsystem="tab" outcome="ok" workspace_id="w2" tab_id="w2:t1"
2026-06-26T09:15:07.072221Z  INFO herdr::logging: session saved event="persist.save" subsystem="persist" outcome="ok" path=/Users/jma/.config/herdr/session.json workspaces=2
2026-06-26T09:17:33.501586Z  INFO herdr::logging: tab focused event="tab.focus" subsystem="tab" outcome="ok" workspace_id="w2" tab_id="w2:t1"
2026-06-26T09:17:38.518348Z  INFO herdr::logging: session saved event="persist.save" subsystem="persist" outcome="ok" path=/Users/jma/.config/herdr/session.json workspaces=2
2026-06-26T09:17:42.634633Z  INFO herdr::logging: tab focused event="tab.focus" subsystem="tab" outcome="ok" workspace_id="w2" tab_id="w2:t1"
2026-06-26T09:17:47.652019Z  INFO herdr::logging: session saved event="persist.save" subsystem="persist" outcome="ok" path=/Users/jma/.config/herdr/session.json workspaces=2
2026-06-26T09:45:49.324274Z  INFO herdr::logging: tab focused event="tab.focus" subsystem="tab" outcome="ok" workspace_id="w2" tab_id="w2:t1"
2026-06-26T09:45:54.347336Z  INFO herdr::logging: session saved event="persist.save" subsystem="persist" outcome="ok" path=/Users/jma/.config/herdr/session.json workspaces=2
2026-06-26T09:45:57.992214Z  INFO herdr::logging: tab focused event="tab.focus" subsystem="tab" outcome="ok" workspace_id="w2" tab_id="w2:t1"
2026-06-26T09:46:03.007191Z  INFO herdr::logging: session saved event="persist.save" subsystem="persist" outcome="ok" path=/Users/jma/.config/herdr/session.json workspaces=2
2026-06-26T09:48:10.535143Z  INFO herdr::logging: tab focused event="tab.focus" subsystem="tab" outcome="ok" workspace_id="w2" tab_id="w2:t1"
2026-06-26T09:48:15.564589Z  INFO herdr::logging: session saved event="persist.save" subsystem="persist" outcome="ok" path=/Users/jma/.config/herdr/session.json workspaces=2
2026-06-26T09:49:16.242754Z  INFO herdr::logging: tab focused event="tab.focus" subsystem="tab" outcome="ok" workspace_id="w2" tab_id="w2:t1"
2026-06-26T09:49:21.263753Z  INFO herdr::logging: session saved event="persist.save" subsystem="persist" outcome="ok" path=/Users/jma/.config/herdr/session.json workspaces=2
2026-06-26T09:50:31.268278Z  INFO herdr::logging: tab focused event="tab.focus" subsystem="tab" outcome="ok" workspace_id="w2" tab_id="w2:t1"
2026-06-26T09:50:36.293028Z  INFO herdr::logging: session saved event="persist.save" subsystem="persist" outcome="ok" path=/Users/jma/.config/herdr/session.json workspaces=2
2026-06-26T09:54:42.349926Z  INFO herdr::logging: tab focused event="tab.focus" subsystem="tab" outcome="ok" workspace_id="w2" tab_id="w2:t1"
2026-06-26T09:54:47.382758Z  INFO herdr::logging: session saved event="persist.save" subsystem="persist" outcome="ok" path=/Users/jma/.config/herdr/session.json workspaces=2
2026-06-26T09:58:48.457768Z  INFO herdr::logging: tab focused event="tab.focus" subsystem="tab" outcome="ok" workspace_id="w2" tab_id="w2:t1"
2026-06-26T09:58:53.504277Z  INFO herdr::logging: session saved event="persist.save" subsystem="persist" outcome="ok" path=/Users/jma/.config/herdr/session.json workspaces=2
2026-06-26T10:00:39.239738Z  INFO herdr::logging: tab focused event="tab.focus" subsystem="tab" outcome="ok" workspace_id="w2" tab_id="w2:t1"
2026-06-26T10:00:44.269288Z  INFO herdr::logging: session saved event="persist.save" subsystem="persist" outcome="ok" path=/Users/jma/.config/herdr/session.json workspaces=2
2026-06-26T10:01:17.028025Z  INFO herdr::logging: tab focused event="tab.focus" subsystem="tab" outcome="ok" workspace_id="w2" tab_id="w2:t1"
2026-06-26T10:01:22.056882Z  INFO herdr::logging: session saved event="persist.save" subsystem="persist" outcome="ok" path=/Users/jma/.config/herdr/session.json workspaces=2
2026-06-26T10:04:39.486854Z  INFO herdr::logging: tab focused event="tab.focus" subsystem="tab" outcome="ok" workspace_id="w2" tab_id="w2:t1"
2026-06-26T10:04:44.518395Z  INFO herdr::logging: session saved event="persist.save" subsystem="persist" outcome="ok" path=/Users/jma/.config/herdr/session.json workspaces=2
2026-06-26T10:07:03.200028Z  INFO herdr::logging: tab focused event="tab.focus" subsystem="tab" outcome="ok" workspace_id="w2" tab_id="w2:t1"
2026-06-26T10:07:08.227725Z  INFO herdr::logging: session saved event="persist.save" subsystem="persist" outcome="ok" path=/Users/jma/.config/herdr/session.json workspaces=2
2026-06-26T10:07:28.615714Z  INFO herdr::logging: tab focused event="tab.focus" subsystem="tab" outcome="ok" workspace_id="w2" tab_id="w2:t1"
2026-06-26T10:07:33.655718Z  INFO herdr::logging: session saved event="persist.save" subsystem="persist" outcome="ok" path=/Users/jma/.config/herdr/session.json workspaces=2
2026-06-26T10:11:15.768756Z  INFO herdr::logging: tab focused event="tab.focus" subsystem="tab" outcome="ok" workspace_id="w2" tab_id="w2:t1"
2026-06-26T10:11:20.812213Z  INFO herdr::logging: session saved event="persist.save" subsystem="persist" outcome="ok" path=/Users/jma/.config/herdr/session.json workspaces=2
2026-06-26T10:11:47.835253Z  INFO herdr::logging: tab focused event="tab.focus" subsystem="tab" outcome="ok" workspace_id="w2" tab_id="w2:t1"
2026-06-26T10:11:52.861565Z  INFO herdr::logging: session saved event="persist.save" subsystem="persist" outcome="ok" path=/Users/jma/.config/herdr/session.json workspaces=2
2026-06-26T10:12:53.612231Z  INFO herdr::logging: tab focused event="tab.focus" subsystem="tab" outcome="ok" workspace_id="w2" tab_id="w2:t1"
2026-06-26T10:12:58.630524Z  INFO herdr::logging: session saved event="persist.save" subsystem="persist" outcome="ok" path=/Users/jma/.config/herdr/session.json workspaces=2
2026-06-26T10:14:01.726971Z  INFO herdr::logging: tab focused event="tab.focus" subsystem="tab" outcome="ok" workspace_id="w2" tab_id="w2:t1"
2026-06-26T10:14:06.774049Z  INFO herdr::logging: session saved event="persist.save" subsystem="persist" outcome="ok" path=/Users/jma/.config/herdr/session.json workspaces=2
2026-06-26T10:15:39.662811Z  INFO herdr::logging: tab focused event="tab.focus" subsystem="tab" outcome="ok" workspace_id="w2" tab_id="w2:t1"
2026-06-26T10:15:44.696577Z  INFO herdr::logging: session saved event="persist.save" subsystem="persist" outcome="ok" path=/Users/jma/.config/herdr/session.json workspaces=2
2026-06-26T10:16:21.406152Z  INFO herdr::logging: tab focused event="tab.focus" subsystem="tab" outcome="ok" workspace_id="w2" tab_id="w2:t1"
2026-06-26T10:16:26.432309Z  INFO herdr::logging: session saved event="persist.save" subsystem="persist" outcome="ok" path=/Users/jma/.config/herdr/session.json workspaces=2
2026-06-26T10:19:58.418488Z  INFO herdr::logging: tab focused event="tab.focus" subsystem="tab" outcome="ok" workspace_id="w2" tab_id="w2:t1"
2026-06-26T10:20:03.436257Z  INFO herdr::logging: session saved event="persist.save" subsystem="persist" outcome="ok" path=/Users/jma/.config/herdr/session.json workspaces=2
2026-06-26T10:23:26.028943Z  INFO herdr::logging: tab focused event="tab.focus" subsystem="tab" outcome="ok" workspace_id="w2" tab_id="w2:t1"
2026-06-26T10:23:31.053986Z  INFO herdr::logging: session saved event="persist.save" subsystem="persist" outcome="ok" path=/Users/jma/.config/herdr/session.json workspaces=2
2026-06-26T10:26:38.901713Z  INFO herdr::logging: tab focused event="tab.focus" subsystem="tab" outcome="ok" workspace_id="w2" tab_id="w2:t1"
2026-06-26T10:26:43.944973Z  INFO herdr::logging: session saved event="persist.save" subsystem="persist" outcome="ok" path=/Users/jma/.config/herdr/session.json workspaces=2
2026-06-26T10:27:46.235877Z  INFO herdr::logging: tab focused event="tab.focus" subsystem="tab" outcome="ok" workspace_id="w2" tab_id="w2:t1"
2026-06-26T10:27:51.261940Z  INFO herdr::logging: session saved event="persist.save" subsystem="persist" outcome="ok" path=/Users/jma/.config/herdr/session.json workspaces=2
2026-06-26T10:28:08.017851Z  INFO herdr::logging: tab focused event="tab.focus" subsystem="tab" outcome="ok" workspace_id="w2" tab_id="w2:t1"
2026-06-26T10:28:13.043120Z  INFO herdr::logging: session saved event="persist.save" subsystem="persist" outcome="ok" path=/Users/jma/.config/herdr/session.json workspaces=2
2026-06-26T10:28:14.035805Z  INFO herdr::logging: tab focused event="tab.focus" subsystem="tab" outcome="ok" workspace_id="w2" tab_id="w2:t1"
2026-06-26T10:28:19.071249Z  INFO herdr::logging: session saved event="persist.save" subsystem="persist" outcome="ok" path=/Users/jma/.config/herdr/session.json workspaces=2
2026-06-26T10:28:41.352517Z  INFO herdr::logging: tab focused event="tab.focus" subsystem="tab" outcome="ok" workspace_id="w2" tab_id="w2:t1"
2026-06-26T10:28:46.366737Z  INFO herdr::logging: session saved event="persist.save" subsystem="persist" outcome="ok" path=/Users/jma/.config/herdr/session.json workspaces=2
2026-06-26T10:28:57.473397Z  INFO herdr::logging: tab focused event="tab.focus" subsystem="tab" outcome="ok" workspace_id="w2" tab_id="w2:t1"
2026-06-26T10:29:02.504752Z  INFO herdr::logging: session saved event="persist.save" subsystem="persist" outcome="ok" path=/Users/jma/.config/herdr/session.json workspaces=2
2026-06-26T10:29:26.481108Z  INFO herdr::logging: tab focused event="tab.focus" subsystem="tab" outcome="ok" workspace_id="w2" tab_id="w2:t1"
2026-06-26T10:29:31.521666Z  INFO herdr::logging: session saved event="persist.save" subsystem="persist" outcome="ok" path=/Users/jma/.config/herdr/session.json workspaces=2
2026-06-26T10:29:45.710082Z  INFO herdr::logging: tab focused event="tab.focus" subsystem="tab" outcome="ok" workspace_id="w2" tab_id="w2:t1"
2026-06-26T10:29:50.724019Z  INFO herdr::logging: session saved event="persist.save" subsystem="persist" outcome="ok" path=/Users/jma/.config/herdr/session.json workspaces=2
2026-06-26T10:30:44.211253Z  INFO herdr::logging: tab focused event="tab.focus" subsystem="tab" outcome="ok" workspace_id="w2" tab_id="w2:t1"
2026-06-26T10:30:49.233457Z  INFO herdr::logging: session saved event="persist.save" subsystem="persist" outcome="ok" path=/Users/jma/.config/herdr/session.json workspaces=2
2026-06-26T10:31:38.750013Z  INFO herdr::logging: tab focused event="tab.focus" subsystem="tab" outcome="ok" workspace_id="w2" tab_id="w2:t1"
2026-06-26T10:31:43.780263Z  INFO herdr::logging: session saved event="persist.save" subsystem="persist" outcome="ok" path=/Users/jma/.config/herdr/session.json workspaces=2
2026-06-26T10:32:03.901331Z  INFO herdr::logging: tab focused event="tab.focus" subsystem="tab" outcome="ok" workspace_id="w2" tab_id="w2:t1"
2026-06-26T10:32:07.168103Z  INFO herdr::logging: tab focused event="tab.focus" subsystem="tab" outcome="ok" workspace_id="w2" tab_id="w2:t1"
2026-06-26T10:32:12.189153Z  INFO herdr::logging: session saved event="persist.save" subsystem="persist" outcome="ok" path=/Users/jma/.config/herdr/session.json workspaces=2
2026-06-26T10:32:34.237902Z  INFO herdr::logging: tab focused event="tab.focus" subsystem="tab" outcome="ok" workspace_id="w2" tab_id="w2:t1"
2026-06-26T10:32:39.276563Z  INFO herdr::logging: session saved event="persist.save" subsystem="persist" outcome="ok" path=/Users/jma/.config/herdr/session.json workspaces=2
2026-06-26T10:33:22.199312Z  INFO herdr::logging: tab focused event="tab.focus" subsystem="tab" outcome="ok" workspace_id="w2" tab_id="w2:t1"
2026-06-26T10:33:27.257528Z  INFO herdr::logging: session saved event="persist.save" subsystem="persist" outcome="ok" path=/Users/jma/.config/herdr/session.json workspaces=2
2026-06-26T10:35:09.660329Z  INFO herdr::logging: tab focused event="tab.focus" subsystem="tab" outcome="ok" workspace_id="w2" tab_id="w2:t1"
2026-06-26T10:35:14.707798Z  INFO herdr::logging: session saved event="persist.save" subsystem="persist" outcome="ok" path=/Users/jma/.config/herdr/session.json workspaces=2
2026-06-26T10:35:37.299697Z  INFO herdr::logging: tab focused event="tab.focus" subsystem="tab" outcome="ok" workspace_id="w2" tab_id="w2:t1"
2026-06-26T10:35:42.327415Z  INFO herdr::logging: session saved event="persist.save" subsystem="persist" outcome="ok" path=/Users/jma/.config/herdr/session.json workspaces=2
2026-06-26T10:39:51.004455Z  INFO herdr::logging: tab focused event="tab.focus" subsystem="tab" outcome="ok" workspace_id="w2" tab_id="w2:t1"
2026-06-26T10:39:56.064415Z  INFO herdr::logging: session saved event="persist.save" subsystem="persist" outcome="ok" path=/Users/jma/.config/herdr/session.json workspaces=2
2026-06-26T10:43:04.616835Z  INFO herdr::logging: tab focused event="tab.focus" subsystem="tab" outcome="ok" workspace_id="w2" tab_id="w2:t1"
2026-06-26T10:43:04.673348Z  INFO herdr::logging: tab focused event="tab.focus" subsystem="tab" outcome="ok" workspace_id="w2" tab_id="w2:t1"
2026-06-26T10:43:07.712119Z  INFO herdr::logging: tab focused event="tab.focus" subsystem="tab" outcome="ok" workspace_id="w2" tab_id="w2:t1"
2026-06-26T10:43:12.733149Z  INFO herdr::logging: session saved event="persist.save" subsystem="persist" outcome="ok" path=/Users/jma/.config/herdr/session.json workspaces=2
2026-06-26T10:45:19.014672Z  INFO herdr::logging: tab focused event="tab.focus" subsystem="tab" outcome="ok" workspace_id="w2" tab_id="w2:t1"
2026-06-26T10:45:24.054408Z  INFO herdr::logging: session saved event="persist.save" subsystem="persist" outcome="ok" path=/Users/jma/.config/herdr/session.json workspaces=2
2026-06-26T10:46:19.500648Z  INFO herdr::logging: tab focused event="tab.focus" subsystem="tab" outcome="ok" workspace_id="w2" tab_id="w2:t1"
2026-06-26T10:46:24.531880Z  INFO herdr::logging: session saved event="persist.save" subsystem="persist" outcome="ok" path=/Users/jma/.config/herdr/session.json workspaces=2
2026-06-26T10:47:06.888424Z  INFO herdr::logging: tab focused event="tab.focus" subsystem="tab" outcome="ok" workspace_id="w2" tab_id="w2:t1"
2026-06-26T10:47:11.649656Z  INFO herdr::logging: tab focused event="tab.focus" subsystem="tab" outcome="ok" workspace_id="w2" tab_id="w2:t1"
2026-06-26T10:47:16.666364Z  INFO herdr::logging: session saved event="persist.save" subsystem="persist" outcome="ok" path=/Users/jma/.config/herdr/session.json workspaces=2
2026-06-26T10:47:42.115352Z  INFO herdr::logging: tab focused event="tab.focus" subsystem="tab" outcome="ok" workspace_id="w2" tab_id="w2:t1"
2026-06-26T10:47:47.147744Z  INFO herdr::logging: session saved event="persist.save" subsystem="persist" outcome="ok" path=/Users/jma/.config/herdr/session.json workspaces=2
2026-06-26T10:49:39.987890Z  INFO herdr::logging: tab focused event="tab.focus" subsystem="tab" outcome="ok" workspace_id="w2" tab_id="w2:t1"
2026-06-26T10:49:45.010251Z  INFO herdr::logging: session saved event="persist.save" subsystem="persist" outcome="ok" path=/Users/jma/.config/herdr/session.json workspaces=2
2026-06-26T10:49:54.319089Z  INFO herdr::logging: tab focused event="tab.focus" subsystem="tab" outcome="ok" workspace_id="w2" tab_id="w2:t1"
2026-06-26T10:49:59.365164Z  INFO herdr::logging: session saved event="persist.save" subsystem="persist" outcome="ok" path=/Users/jma/.config/herdr/session.json workspaces=2
2026-06-26T11:03:08.386048Z  INFO herdr::logging: tab focused event="tab.focus" subsystem="tab" outcome="ok" workspace_id="w2" tab_id="w2:t1"
2026-06-26T11:03:13.426514Z  INFO herdr::logging: session saved event="persist.save" subsystem="persist" outcome="ok" path=/Users/jma/.config/herdr/session.json workspaces=2
2026-06-26T11:05:16.246867Z  INFO herdr::app::actions: copied selection to clipboard
2026-06-26T11:06:32.959686Z  INFO herdr::logging: tab focused event="tab.focus" subsystem="tab" outcome="ok" workspace_id="w2" tab_id="w2:t1"
2026-06-26T11:06:37.991267Z  INFO herdr::logging: session saved event="persist.save" subsystem="persist" outcome="ok" path=/Users/jma/.config/herdr/session.json workspaces=2
2026-06-26T11:07:13.367429Z  INFO herdr::logging: tab focused event="tab.focus" subsystem="tab" outcome="ok" workspace_id="w2" tab_id="w2:t1"
2026-06-26T11:07:18.390216Z  INFO herdr::logging: session saved event="persist.save" subsystem="persist" outcome="ok" path=/Users/jma/.config/herdr/session.json workspaces=2
2026-06-26T11:10:02.532736Z  INFO herdr::logging: tab focused event="tab.focus" subsystem="tab" outcome="ok" workspace_id="w2" tab_id="w2:t1"
2026-06-26T11:10:07.551927Z  INFO herdr::logging: session saved event="persist.save" subsystem="persist" outcome="ok" path=/Users/jma/.config/herdr/session.json workspaces=2
2026-06-26T11:12:19.202407Z  INFO herdr::app::actions: copied selection to clipboard
2026-06-26T11:12:19.799839Z  INFO herdr::logging: tab focused event="tab.focus" subsystem="tab" outcome="ok" workspace_id="w2" tab_id="w2:t1"
2026-06-26T11:12:24.830533Z  INFO herdr::logging: session saved event="persist.save" subsystem="persist" outcome="ok" path=/Users/jma/.config/herdr/session.json workspaces=2
2026-06-26T11:13:41.686321Z  INFO herdr::logging: tab focused event="tab.focus" subsystem="tab" outcome="ok" workspace_id="w2" tab_id="w2:t1"
2026-06-26T11:13:43.525827Z  INFO herdr::logging: tab focused event="tab.focus" subsystem="tab" outcome="ok" workspace_id="w2" tab_id="w2:t1"
2026-06-26T11:13:48.548837Z  INFO herdr::logging: session saved event="persist.save" subsystem="persist" outcome="ok" path=/Users/jma/.config/herdr/session.json workspaces=2
2026-06-26T11:14:05.307235Z  INFO herdr::logging: tab focused event="tab.focus" subsystem="tab" outcome="ok" workspace_id="w2" tab_id="w2:t1"
2026-06-26T11:14:10.327671Z  INFO herdr::logging: session saved event="persist.save" subsystem="persist" outcome="ok" path=/Users/jma/.config/herdr/session.json workspaces=2
2026-06-26T11:14:12.746678Z  INFO herdr::logging: tab focused event="tab.focus" subsystem="tab" outcome="ok" workspace_id="w2" tab_id="w2:t1"
2026-06-26T11:14:17.768057Z  INFO herdr::logging: session saved event="persist.save" subsystem="persist" outcome="ok" path=/Users/jma/.config/herdr/session.json workspaces=2
2026-06-26T11:17:20.879312Z  INFO herdr::logging: tab focused event="tab.focus" subsystem="tab" outcome="ok" workspace_id="w2" tab_id="w2:t1"
2026-06-26T11:17:25.923126Z  INFO herdr::logging: session saved event="persist.save" subsystem="persist" outcome="ok" path=/Users/jma/.config/herdr/session.json workspaces=2
2026-06-26T11:17:49.063101Z  INFO herdr::logging: tab focused event="tab.focus" subsystem="tab" outcome="ok" workspace_id="w2" tab_id="w2:t1"
2026-06-26T11:17:54.081270Z  INFO herdr::logging: session saved event="persist.save" subsystem="persist" outcome="ok" path=/Users/jma/.config/herdr/session.json workspaces=2
2026-06-26T11:26:51.727026Z  INFO herdr::logging: tab focused event="tab.focus" subsystem="tab" outcome="ok" workspace_id="w2" tab_id="w2:t1"
2026-06-26T11:26:55.536815Z  INFO herdr::logging: tab focused event="tab.focus" subsystem="tab" outcome="ok" workspace_id="w2" tab_id="w2:t1"
2026-06-26T11:27:00.574543Z  INFO herdr::logging: session saved event="persist.save" subsystem="persist" outcome="ok" path=/Users/jma/.config/herdr/session.json workspaces=2
2026-06-26T11:27:57.302088Z  INFO herdr::logging: tab focused event="tab.focus" subsystem="tab" outcome="ok" workspace_id="w2" tab_id="w2:t1"
2026-06-26T11:27:57.980972Z  INFO herdr::logging: tab focused event="tab.focus" subsystem="tab" outcome="ok" workspace_id="w2" tab_id="w2:t1"
2026-06-26T11:28:02.990963Z  INFO herdr::logging: session saved event="persist.save" subsystem="persist" outcome="ok" path=/Users/jma/.config/herdr/session.json workspaces=2
2026-06-26T11:29:48.959941Z  INFO herdr::logging: tab focused event="tab.focus" subsystem="tab" outcome="ok" workspace_id="w2" tab_id="w2:t1"
2026-06-26T11:29:53.991392Z  INFO herdr::logging: session saved event="persist.save" subsystem="persist" outcome="ok" path=/Users/jma/.config/herdr/session.json workspaces=2
2026-06-26T11:34:31.313674Z  INFO herdr::logging: tab focused event="tab.focus" subsystem="tab" outcome="ok" workspace_id="w2" tab_id="w2:t1"
2026-06-26T11:34:36.344979Z  INFO herdr::logging: session saved event="persist.save" subsystem="persist" outcome="ok" path=/Users/jma/.config/herdr/session.json workspaces=2
2026-06-26T11:35:03.959366Z  INFO herdr::logging: tab focused event="tab.focus" subsystem="tab" outcome="ok" workspace_id="w2" tab_id="w2:t1"
2026-06-26T11:35:08.978733Z  INFO herdr::logging: session saved event="persist.save" subsystem="persist" outcome="ok" path=/Users/jma/.config/herdr/session.json workspaces=2
2026-06-26T11:38:07.490170Z  INFO herdr::logging: pane child exited event="pane.exit" subsystem="pane" outcome="completed" pane_id=2 status="ExitStatus { code: 0, signal: None }"
2026-06-26T11:38:07.492685Z  INFO herdr::pane: pane session terminated pane=2 pid=5288 signal=Hangup
2026-06-26T11:38:10.493787Z  INFO herdr::logging: tab focused event="tab.focus" subsystem="tab" outcome="ok" workspace_id="w2" tab_id="w2:t1"
2026-06-26T11:38:10.993796Z  INFO herdr::logging: pane child exited event="pane.exit" subsystem="pane" outcome="completed" pane_id=12 status="ExitStatus { code: 0, signal: None }"
2026-06-26T11:38:10.993890Z  INFO herdr::pane: pane session terminated pane=12 pid=18309 signal=Hangup
2026-06-26T11:38:13.153786Z  INFO herdr::logging: spawning pane terminal event="pane.spawn.start" subsystem="pane" outcome="started" pane_id=13 rows=39 cols=129 scrollback_limit_bytes=10000000
2026-06-26T11:38:13.163193Z  INFO herdr::logging: pane child spawned event="pane.spawned" subsystem="pane" outcome="ok" pane_id=13 pid=57759
2026-06-26T11:38:18.185926Z  INFO herdr::logging: session saved event="persist.save" subsystem="persist" outcome="ok" path=/Users/jma/.config/herdr/session.json workspaces=2
2026-06-26T11:38:57.127753Z  INFO herdr::logging: tab focused event="tab.focus" subsystem="tab" outcome="ok" workspace_id="w2" tab_id="w2:t1"
2026-06-26T11:39:02.156555Z  INFO herdr::logging: session saved event="persist.save" subsystem="persist" outcome="ok" path=/Users/jma/.config/herdr/session.json workspaces=2
2026-06-26T11:45:00.952304Z  INFO herdr::logging: tab focused event="tab.focus" subsystem="tab" outcome="ok" workspace_id="w2" tab_id="w2:t1"
2026-06-26T11:45:05.975265Z  INFO herdr::logging: session saved event="persist.save" subsystem="persist" outcome="ok" path=/Users/jma/.config/herdr/session.json workspaces=2
2026-06-26T11:47:20.203221Z  INFO herdr::logging: tab focused event="tab.focus" subsystem="tab" outcome="ok" workspace_id="w2" tab_id="w2:t1"
2026-06-26T11:47:25.263449Z  INFO herdr::logging: session saved event="persist.save" subsystem="persist" outcome="ok" path=/Users/jma/.config/herdr/session.json workspaces=2
2026-06-26T11:47:45.492221Z  INFO herdr::logging: tab focused event="tab.focus" subsystem="tab" outcome="ok" workspace_id="w2" tab_id="w2:t1"
2026-06-26T11:47:50.505882Z  INFO herdr::logging: session saved event="persist.save" subsystem="persist" outcome="ok" path=/Users/jma/.config/herdr/session.json workspaces=2
2026-06-26T11:56:53.900964Z  INFO herdr::logging: tab focused event="tab.focus" subsystem="tab" outcome="ok" workspace_id="w2" tab_id="w2:t1"
2026-06-26T11:56:58.938612Z  INFO herdr::logging: session saved event="persist.save" subsystem="persist" outcome="ok" path=/Users/jma/.config/herdr/session.json workspaces=2
2026-06-26T12:03:18.716214Z  INFO herdr::logging: tab focused event="tab.focus" subsystem="tab" outcome="ok" workspace_id="w2" tab_id="w2:t1"
2026-06-26T12:03:23.738688Z  INFO herdr::logging: session saved event="persist.save" subsystem="persist" outcome="ok" path=/Users/jma/.config/herdr/session.json workspaces=2
2026-06-26T12:06:25.420805Z  INFO herdr::logging: tab focused event="tab.focus" subsystem="tab" outcome="ok" workspace_id="w2" tab_id="w2:t1"
2026-06-26T12:06:30.460523Z  INFO herdr::logging: session saved event="persist.save" subsystem="persist" outcome="ok" path=/Users/jma/.config/herdr/session.json workspaces=2
2026-06-26T12:07:25.729031Z  INFO herdr::logging: tab focused event="tab.focus" subsystem="tab" outcome="ok" workspace_id="w2" tab_id="w2:t1"
2026-06-26T12:07:30.755695Z  INFO herdr::logging: session saved event="persist.save" subsystem="persist" outcome="ok" path=/Users/jma/.config/herdr/session.json workspaces=2
2026-06-26T12:13:21.558815Z  INFO herdr::logging: tab focused event="tab.focus" subsystem="tab" outcome="ok" workspace_id="w2" tab_id="w2:t1"
2026-06-26T12:13:26.585747Z  INFO herdr::logging: session saved event="persist.save" subsystem="persist" outcome="ok" path=/Users/jma/.config/herdr/session.json workspaces=2
2026-06-26T12:14:10.555943Z  INFO herdr::logging: tab focused event="tab.focus" subsystem="tab" outcome="ok" workspace_id="w2" tab_id="w2:t1"
2026-06-26T12:14:15.569556Z  INFO herdr::logging: session saved event="persist.save" subsystem="persist" outcome="ok" path=/Users/jma/.config/herdr/session.json workspaces=2
2026-06-26T12:17:50.275108Z  INFO herdr::logging: tab focused event="tab.focus" subsystem="tab" outcome="ok" workspace_id="w2" tab_id="w2:t1"
2026-06-26T12:17:55.302952Z  INFO herdr::logging: session saved event="persist.save" subsystem="persist" outcome="ok" path=/Users/jma/.config/herdr/session.json workspaces=2
2026-06-26T12:18:52.418745Z  INFO herdr::logging: tab focused event="tab.focus" subsystem="tab" outcome="ok" workspace_id="w2" tab_id="w2:t1"
2026-06-26T12:18:57.439187Z  INFO herdr::logging: session saved event="persist.save" subsystem="persist" outcome="ok" path=/Users/jma/.config/herdr/session.json workspaces=2
2026-06-26T12:19:07.045560Z  INFO herdr::logging: tab focused event="tab.focus" subsystem="tab" outcome="ok" workspace_id="w2" tab_id="w2:t1"
2026-06-26T12:19:12.074393Z  INFO herdr::logging: session saved event="persist.save" subsystem="persist" outcome="ok" path=/Users/jma/.config/herdr/session.json workspaces=2
2026-06-26T12:20:39.889285Z  INFO herdr::logging: tab focused event="tab.focus" subsystem="tab" outcome="ok" workspace_id="w2" tab_id="w2:t1"
2026-06-26T12:20:44.904924Z  INFO herdr::logging: session saved event="persist.save" subsystem="persist" outcome="ok" path=/Users/jma/.config/herdr/session.json workspaces=2
2026-06-26T12:25:04.601944Z  INFO herdr::app::actions: copied double-clicked token to clipboard
2026-06-26T12:28:13.542785Z  INFO herdr::logging: tab focused event="tab.focus" subsystem="tab" outcome="ok" workspace_id="w2" tab_id="w2:t1"
2026-06-26T12:28:18.570817Z  INFO herdr::logging: session saved event="persist.save" subsystem="persist" outcome="ok" path=/Users/jma/.config/herdr/session.json workspaces=2
2026-06-26T12:28:57.926439Z  INFO herdr::logging: tab focused event="tab.focus" subsystem="tab" outcome="ok" workspace_id="w2" tab_id="w2:t1"
2026-06-26T12:29:02.939750Z  INFO herdr::logging: session saved event="persist.save" subsystem="persist" outcome="ok" path=/Users/jma/.config/herdr/session.json workspaces=2
2026-06-26T12:31:48.100713Z  INFO herdr::logging: tab focused event="tab.focus" subsystem="tab" outcome="ok" workspace_id="w2" tab_id="w2:t1"
2026-06-26T12:31:53.128104Z  INFO herdr::logging: session saved event="persist.save" subsystem="persist" outcome="ok" path=/Users/jma/.config/herdr/session.json workspaces=2
2026-06-26T12:35:44.655738Z  INFO herdr::logging: tab focused event="tab.focus" subsystem="tab" outcome="ok" workspace_id="w2" tab_id="w2:t1"
2026-06-26T12:35:49.674276Z  INFO herdr::logging: session saved event="persist.save" subsystem="persist" outcome="ok" path=/Users/jma/.config/herdr/session.json workspaces=2
2026-06-26T12:35:50.243889Z  INFO herdr::logging: tab focused event="tab.focus" subsystem="tab" outcome="ok" workspace_id="w2" tab_id="w2:t1"
2026-06-26T12:35:55.302689Z  INFO herdr::logging: session saved event="persist.save" subsystem="persist" outcome="ok" path=/Users/jma/.config/herdr/session.json workspaces=2
2026-06-26T12:37:04.806936Z  INFO herdr::logging: tab focused event="tab.focus" subsystem="tab" outcome="ok" workspace_id="w2" tab_id="w2:t1"
2026-06-26T12:37:09.823329Z  INFO herdr::logging: session saved event="persist.save" subsystem="persist" outcome="ok" path=/Users/jma/.config/herdr/session.json workspaces=2
2026-06-26T12:41:24.784071Z  INFO herdr::server::headless: client resize client_id=8 cols=285 rows=57 cell_width_px=0 cell_height_px=0
2026-06-26T12:41:24.867759Z  INFO herdr::server::headless: client resize client_id=8 cols=285 rows=55 cell_width_px=0 cell_height_px=0
2026-06-26T12:41:25.261819Z  INFO herdr::server::headless: client resize client_id=8 cols=198 rows=55 cell_width_px=0 cell_height_px=0
2026-06-26T22:56:47.564949Z  INFO herdr::server::headless: client resize client_id=8 cols=198 rows=57 cell_width_px=0 cell_height_px=0
2026-06-26T22:56:47.774649Z  INFO herdr::server::headless: client resize client_id=8 cols=285 rows=80 cell_width_px=0 cell_height_px=0
2026-06-26T22:56:57.054726Z  INFO herdr::logging: tab focused event="tab.focus" subsystem="tab" outcome="ok" workspace_id="w2" tab_id="w2:t1"
2026-06-26T22:57:02.121050Z  INFO herdr::logging: session saved event="persist.save" subsystem="persist" outcome="ok" path=/Users/jma/.config/herdr/session.json workspaces=2
2026-06-27T00:10:41.244694Z  INFO herdr::logging: tab focused event="tab.focus" subsystem="tab" outcome="ok" workspace_id="w2" tab_id="w2:t1"
2026-06-27T00:10:46.287825Z  INFO herdr::logging: session saved event="persist.save" subsystem="persist" outcome="ok" path=/Users/jma/.config/herdr/session.json workspaces=2
2026-06-27T00:11:59.930287Z  INFO herdr::pane: agent changed pane=13 previous_agent=None agent=Some(OpenCode) process=opencode pgid=Some(77207)
2026-06-27T00:13:16.430466Z  INFO herdr::pane: agent changed pane=13 previous_agent=Some(OpenCode) agent=None pgid=Some(57759)
2026-06-27T00:13:23.498207Z  INFO herdr::pane: agent changed pane=13 previous_agent=None agent=Some(OpenCode) process=opencode pgid=Some(77737)
2026-06-27T00:13:59.954080Z  INFO herdr::pane: agent changed pane=13 previous_agent=Some(OpenCode) agent=None pgid=Some(57759)
2026-06-27T00:14:31.750733Z  INFO herdr::pane: agent changed pane=13 previous_agent=None agent=Some(OpenCode) process=opencode pgid=Some(79024)
2026-06-27T00:14:33.875277Z  INFO herdr::pane: agent changed pane=13 previous_agent=Some(OpenCode) agent=None pgid=Some(57759)
2026-06-27T00:15:56.143691Z  INFO herdr::pane: agent changed pane=13 previous_agent=None agent=Some(OpenCode) process=opencode pgid=Some(79388)
2026-06-27T00:16:58.761060Z  INFO herdr::pane: agent changed pane=13 previous_agent=Some(OpenCode) agent=None pgid=Some(57759)
2026-06-27T00:17:08.349685Z  INFO herdr::pane: agent changed pane=13 previous_agent=None agent=Some(OpenCode) process=opencode pgid=Some(80546)
2026-06-27T00:18:22.916190Z  INFO herdr::pane: agent changed pane=13 previous_agent=Some(OpenCode) agent=None pgid=Some(57759)
2026-06-27T00:18:28.379722Z  INFO herdr::app::actions: copied selection to clipboard
2026-06-27T00:18:29.478337Z  INFO herdr::pane: agent changed pane=13 previous_agent=None agent=Some(OpenCode) process=opencode pgid=Some(81780)
2026-06-27T00:18:38.414842Z  INFO herdr::logging: tab focused event="tab.focus" subsystem="tab" outcome="ok" workspace_id="w2" tab_id="w2:t1"
2026-06-27T00:18:40.648766Z  INFO herdr::pane: agent changed pane=5 previous_agent=None agent=Some(Codex) process=codex pgid=Some(82748)
2026-06-27T00:18:43.448465Z  INFO herdr::logging: session saved event="persist.save" subsystem="persist" outcome="ok" path=/Users/jma/.config/herdr/session.json workspaces=2
2026-06-27T00:18:49.745729Z  INFO herdr::pane: agent changed pane=5 previous_agent=Some(Codex) agent=None pgid=Some(36039)
2026-06-27T00:18:52.269529Z  INFO herdr::pane: agent changed pane=5 previous_agent=None agent=Some(Codex) process=codex pgid=Some(82908)
2026-06-27T00:18:52.901106Z  INFO herdr::logging: tab focused event="tab.focus" subsystem="tab" outcome="ok" workspace_id="w2" tab_id="w2:t1"
2026-06-27T00:18:54.107598Z  INFO herdr::pane: agent changed pane=13 previous_agent=Some(OpenCode) agent=None pgid=Some(57759)
2026-06-27T00:18:55.306389Z  INFO herdr::pane: agent changed pane=5 previous_agent=Some(Codex) agent=None pgid=Some(36039)
2026-06-27T00:18:57.778110Z  INFO herdr::logging: tab focused event="tab.focus" subsystem="tab" outcome="ok" workspace_id="w2" tab_id="w2:t1"
2026-06-27T00:18:59.347524Z  INFO herdr::pane: agent changed pane=5 previous_agent=None agent=Some(Codex) process=codex pgid=Some(82974)
2026-06-27T00:19:02.794701Z  INFO herdr::logging: session saved event="persist.save" subsystem="persist" outcome="ok" path=/Users/jma/.config/herdr/session.json workspaces=2
2026-06-27T00:20:34.100709Z  INFO herdr::app::actions: copied double-clicked token to clipboard
2026-06-27T00:24:49.109738Z  INFO herdr::app::actions: copied double-clicked token to clipboard
2026-06-27T00:28:34.372040Z  INFO herdr::logging: tab focused event="tab.focus" subsystem="tab" outcome="ok" workspace_id="w2" tab_id="w2:t1"
2026-06-27T00:28:39.391772Z  INFO herdr::logging: session saved event="persist.save" subsystem="persist" outcome="ok" path=/Users/jma/.config/herdr/session.json workspaces=2
2026-06-27T00:29:31.986894Z  INFO herdr::logging: tab focused event="tab.focus" subsystem="tab" outcome="ok" workspace_id="w2" tab_id="w2:t1"
2026-06-27T00:29:37.005917Z  INFO herdr::logging: session saved event="persist.save" subsystem="persist" outcome="ok" path=/Users/jma/.config/herdr/session.json workspaces=2
2026-06-27T00:47:58.183225Z  INFO herdr::logging: tab focused event="tab.focus" subsystem="tab" outcome="ok" workspace_id="w2" tab_id="w2:t1"
2026-06-27T00:48:03.214334Z  INFO herdr::logging: session saved event="persist.save" subsystem="persist" outcome="ok" path=/Users/jma/.config/herdr/session.json workspaces=2
2026-06-27T00:48:30.104169Z  INFO herdr::logging: tab focused event="tab.focus" subsystem="tab" outcome="ok" workspace_id="w2" tab_id="w2:t1"
2026-06-27T00:48:35.127194Z  INFO herdr::logging: session saved event="persist.save" subsystem="persist" outcome="ok" path=/Users/jma/.config/herdr/session.json workspaces=2
2026-06-27T00:51:08.525844Z  INFO herdr::logging: tab focused event="tab.focus" subsystem="tab" outcome="ok" workspace_id="w2" tab_id="w2:t1"
2026-06-27T00:51:13.538226Z  INFO herdr::logging: session saved event="persist.save" subsystem="persist" outcome="ok" path=/Users/jma/.config/herdr/session.json workspaces=2
2026-06-27T00:54:21.052192Z  INFO herdr::logging: tab focused event="tab.focus" subsystem="tab" outcome="ok" workspace_id="w2" tab_id="w2:t1"
2026-06-27T00:54:22.612403Z  INFO herdr::logging: tab focused event="tab.focus" subsystem="tab" outcome="ok" workspace_id="w2" tab_id="w2:t1"
2026-06-27T00:54:27.637442Z  INFO herdr::logging: session saved event="persist.save" subsystem="persist" outcome="ok" path=/Users/jma/.config/herdr/session.json workspaces=2
2026-06-27T00:54:58.883578Z  INFO herdr::logging: tab focused event="tab.focus" subsystem="tab" outcome="ok" workspace_id="w2" tab_id="w2:t1"
2026-06-27T00:55:03.914802Z  INFO herdr::logging: session saved event="persist.save" subsystem="persist" outcome="ok" path=/Users/jma/.config/herdr/session.json workspaces=2
2026-06-27T00:58:44.321067Z  INFO herdr::logging: tab focused event="tab.focus" subsystem="tab" outcome="ok" workspace_id="w2" tab_id="w2:t1"
2026-06-27T00:58:46.527222Z  INFO herdr::logging: tab focused event="tab.focus" subsystem="tab" outcome="ok" workspace_id="w2" tab_id="w2:t1"
2026-06-27T00:58:51.551419Z  INFO herdr::logging: session saved event="persist.save" subsystem="persist" outcome="ok" path=/Users/jma/.config/herdr/session.json workspaces=2
2026-06-27T01:00:25.993998Z  INFO herdr::logging: tab focused event="tab.focus" subsystem="tab" outcome="ok" workspace_id="w2" tab_id="w2:t1"
2026-06-27T01:00:31.001822Z  INFO herdr::logging: session saved event="persist.save" subsystem="persist" outcome="ok" path=/Users/jma/.config/herdr/session.json workspaces=2
2026-06-27T01:01:20.164755Z  INFO herdr::logging: tab focused event="tab.focus" subsystem="tab" outcome="ok" workspace_id="w2" tab_id="w2:t1"
2026-06-27T01:01:25.176143Z  INFO herdr::logging: session saved event="persist.save" subsystem="persist" outcome="ok" path=/Users/jma/.config/herdr/session.json workspaces=2
2026-06-27T01:04:08.880289Z  INFO herdr::logging: tab focused event="tab.focus" subsystem="tab" outcome="ok" workspace_id="w2" tab_id="w2:t1"
2026-06-27T01:04:13.889163Z  INFO herdr::logging: session saved event="persist.save" subsystem="persist" outcome="ok" path=/Users/jma/.config/herdr/session.json workspaces=2
2026-06-27T01:05:06.608086Z  INFO herdr::logging: tab focused event="tab.focus" subsystem="tab" outcome="ok" workspace_id="w2" tab_id="w2:t1"
2026-06-27T01:05:11.619830Z  INFO herdr::logging: session saved event="persist.save" subsystem="persist" outcome="ok" path=/Users/jma/.config/herdr/session.json workspaces=2
2026-06-27T01:05:38.572642Z  INFO herdr::logging: tab focused event="tab.focus" subsystem="tab" outcome="ok" workspace_id="w2" tab_id="w2:t1"
2026-06-27T01:05:43.581450Z  INFO herdr::logging: session saved event="persist.save" subsystem="persist" outcome="ok" path=/Users/jma/.config/herdr/session.json workspaces=2
2026-06-27T01:06:57.743872Z  INFO herdr::logging: tab focused event="tab.focus" subsystem="tab" outcome="ok" workspace_id="w2" tab_id="w2:t1"
2026-06-27T01:07:01.389252Z  INFO herdr::logging: tab focused event="tab.focus" subsystem="tab" outcome="ok" workspace_id="w2" tab_id="w2:t1"
2026-06-27T01:07:06.398111Z  INFO herdr::logging: session saved event="persist.save" subsystem="persist" outcome="ok" path=/Users/jma/.config/herdr/session.json workspaces=2
2026-06-27T11:12:17.764195Z  INFO herdr::server::headless: client resize client_id=8 cols=285 rows=55 cell_width_px=0 cell_height_px=0
2026-06-27T11:12:17.876947Z  INFO herdr::server::headless: client resize client_id=8 cols=198 rows=55 cell_width_px=0 cell_height_px=0
2026-06-28T00:24:05.188179Z  INFO herdr::server::headless: client resize client_id=8 cols=285 rows=80 cell_width_px=0 cell_height_px=0
2026-06-28T11:26:07.863764Z  INFO herdr::server::headless: client resize client_id=8 cols=285 rows=57 cell_width_px=0 cell_height_px=0
2026-06-28T11:26:08.350588Z  INFO herdr::server::headless: client resize client_id=8 cols=285 rows=55 cell_width_px=0 cell_height_px=0
2026-06-28T11:26:08.354882Z  INFO herdr::server::headless: client resize client_id=8 cols=198 rows=55 cell_width_px=0 cell_height_px=0
2026-06-29T05:34:47.343004Z  INFO herdr::logging: tab focused event="tab.focus" subsystem="tab" outcome="ok" workspace_id="w2" tab_id="w2:t1"
2026-06-29T05:34:52.362946Z  INFO herdr::logging: session saved event="persist.save" subsystem="persist" outcome="ok" path=/Users/jma/.config/herdr/session.json workspaces=2
2026-06-29T05:44:23.388746Z  INFO herdr::logging: tab focused event="tab.focus" subsystem="tab" outcome="ok" workspace_id="w2" tab_id="w2:t1"
2026-06-29T05:44:28.403592Z  INFO herdr::logging: session saved event="persist.save" subsystem="persist" outcome="ok" path=/Users/jma/.config/herdr/session.json workspaces=2
2026-06-29T07:52:46.525024Z  INFO herdr::server::headless: client resize client_id=8 cols=398 rows=115 cell_width_px=0 cell_height_px=0
2026-06-29T07:52:46.672867Z  INFO herdr::server::headless: client resize client_id=8 cols=198 rows=57 cell_width_px=0 cell_height_px=0
2026-06-29T07:52:46.933546Z  INFO herdr::server::headless: client resize client_id=8 cols=285 rows=80 cell_width_px=0 cell_height_px=0
2026-06-29T08:08:33.853036Z  INFO herdr::logging: workspace focused event="workspace.focus" subsystem="workspace" outcome="ok" workspace_id="w1"
2026-06-29T08:08:33.854552Z  INFO herdr::logging: tab focused event="tab.focus" subsystem="tab" outcome="ok" workspace_id="w1" tab_id="w1:t1"
2026-06-29T08:08:36.290570Z  INFO herdr::logging: pane child exited event="pane.exit" subsystem="pane" outcome="completed" pane_id=1 status="ExitStatus { code: 130, signal: None }"
2026-06-29T08:08:36.291185Z  INFO herdr::pane: pane session terminated pane=1 pid=4336 signal=Hangup
2026-06-29T08:08:41.305881Z  INFO herdr::logging: session saved event="persist.save" subsystem="persist" outcome="ok" path=/Users/jma/.config/herdr/session.json workspaces=1
2026-06-29T08:09:32.239337Z  INFO herdr::logging: tab focused event="tab.focus" subsystem="tab" outcome="ok" workspace_id="w2" tab_id="w2:t1"
2026-06-29T08:09:37.251323Z  INFO herdr::logging: session saved event="persist.save" subsystem="persist" outcome="ok" path=/Users/jma/.config/herdr/session.json workspaces=1
2026-06-29T08:18:26.002856Z  INFO herdr::logging: tab focused event="tab.focus" subsystem="tab" outcome="ok" workspace_id="w2" tab_id="w2:t1"
2026-06-29T08:18:31.022056Z  INFO herdr::logging: session saved event="persist.save" subsystem="persist" outcome="ok" path=/Users/jma/.config/herdr/session.json workspaces=1
2026-06-29T08:18:52.556825Z  INFO herdr::logging: tab focused event="tab.focus" subsystem="tab" outcome="ok" workspace_id="w2" tab_id="w2:t1"
2026-06-29T08:18:57.563899Z  INFO herdr::logging: session saved event="persist.save" subsystem="persist" outcome="ok" path=/Users/jma/.config/herdr/session.json workspaces=1
2026-06-29T08:19:02.482856Z  INFO herdr::logging: tab focused event="tab.focus" subsystem="tab" outcome="ok" workspace_id="w2" tab_id="w2:t1"
2026-06-29T08:19:07.489517Z  INFO herdr::logging: session saved event="persist.save" subsystem="persist" outcome="ok" path=/Users/jma/.config/herdr/session.json workspaces=1
2026-06-29T08:19:38.157965Z  INFO herdr::logging: tab focused event="tab.focus" subsystem="tab" outcome="ok" workspace_id="w2" tab_id="w2:t1"
2026-06-29T08:19:38.769169Z  INFO herdr::logging: tab focused event="tab.focus" subsystem="tab" outcome="ok" workspace_id="w2" tab_id="w2:t1"
2026-06-29T08:19:39.203466Z  INFO herdr::logging: tab focused event="tab.focus" subsystem="tab" outcome="ok" workspace_id="w2" tab_id="w2:t1"
2026-06-29T08:19:39.687829Z  INFO herdr::logging: tab focused event="tab.focus" subsystem="tab" outcome="ok" workspace_id="w2" tab_id="w2:t1"
2026-06-29T08:19:41.774579Z  INFO herdr::logging: tab focused event="tab.focus" subsystem="tab" outcome="ok" workspace_id="w2" tab_id="w2:t1"
2026-06-29T08:19:46.780755Z  INFO herdr::logging: session saved event="persist.save" subsystem="persist" outcome="ok" path=/Users/jma/.config/herdr/session.json workspaces=1
2026-06-29T08:28:14.375171Z  INFO herdr::logging: tab focused event="tab.focus" subsystem="tab" outcome="ok" workspace_id="w2" tab_id="w2:t1"
2026-06-29T08:28:16.189819Z  INFO herdr::logging: tab focused event="tab.focus" subsystem="tab" outcome="ok" workspace_id="w2" tab_id="w2:t1"
2026-06-29T08:28:17.192456Z  INFO herdr::logging: tab focused event="tab.focus" subsystem="tab" outcome="ok" workspace_id="w2" tab_id="w2:t1"
2026-06-29T08:28:22.199818Z  INFO herdr::logging: session saved event="persist.save" subsystem="persist" outcome="ok" path=/Users/jma/.config/herdr/session.json workspaces=1
2026-06-29T20:19:14.546223Z  INFO herdr::server::headless: client resize client_id=8 cols=285 rows=57 cell_width_px=0 cell_height_px=0
2026-06-29T20:19:14.655866Z  INFO herdr::server::headless: client resize client_id=8 cols=285 rows=55 cell_width_px=0 cell_height_px=0
2026-06-29T20:19:14.955086Z  INFO herdr::server::headless: client resize client_id=8 cols=198 rows=55 cell_width_px=0 cell_height_px=0
2026-06-29T23:26:04.105009Z  INFO herdr::logging: spawning pane terminal event="pane.spawn.start" subsystem="pane" outcome="started" pane_id=14 rows=54 cols=86 scrollback_limit_bytes=10000000
2026-06-29T23:26:04.123097Z  INFO herdr::logging: pane child spawned event="pane.spawned" subsystem="pane" outcome="ok" pane_id=14 pid=38490
2026-06-29T23:26:04.123523Z  INFO herdr::logging: workspace created event="workspace.create" subsystem="workspace" outcome="ok" workspace_id="w5" pane_id=14
2026-06-29T23:26:04.123679Z  INFO herdr::logging: workspace focused event="workspace.focus" subsystem="workspace" outcome="ok" workspace_id="w5"
2026-06-29T23:26:04.123690Z  INFO herdr::logging: tab focused event="tab.focus" subsystem="tab" outcome="ok" workspace_id="w5" tab_id="w5:t1"
2026-06-29T23:26:09.137951Z  INFO herdr::logging: session saved event="persist.save" subsystem="persist" outcome="ok" path=/Users/jma/.config/herdr/session.json workspaces=2
